timestamp,type_id,serv_cell_id,avg_pusch_tx_power,avg_pucch_tx_power,num_records
2024-08-09 11:30:19.783436,LTE_PHY_PUSCH_Tx_Report,351,12,-,3
2024-08-09 11:30:19.783436,LTE_PHY_PUCCH_Tx_Report,351,-,60,7
2024-08-09 11:30:19.793758,LTE_PHY_PUSCH_Tx_Report,351,14,-,4
2024-08-09 11:30:19.793758,LTE_PHY_PUCCH_Tx_Report,351,-,60,6
2024-08-09 11:30:19.803817,LTE_PHY_PUSCH_Tx_Report,351,13,-,3
2024-08-09 11:30:19.803817,LTE_PHY_PUCCH_Tx_Report,351,-,60,7
2024-08-09 11:30:19.813792,LTE_PHY_PUSCH_Tx_Report,351,16,-,3
2024-08-09 11:30:19.813792,LTE_PHY_PUCCH_Tx_Report,351,-,59,7
2024-08-09 11:30:19.822911,LTE_PHY_PUSCH_Tx_Report,351,16,-,4
2024-08-09 11:30:19.822911,LTE_PHY_PUCCH_Tx_Report,351,-,59,6
2024-08-09 11:30:19.833754,LTE_PHY_PUSCH_Tx_Report,351,17,-,4
2024-08-09 11:30:19.833754,LTE_PHY_PUCCH_Tx_Report,351,-,60,6
2024-08-09 11:30:19.843786,LTE_PHY_PUSCH_Tx_Report,351,18,-,4
2024-08-09 11:30:19.843786,LTE_PHY_PUCCH_Tx_Report,351,-,60,6
2024-08-09 11:30:19.853764,LTE_PHY_PUSCH_Tx_Report,351,16,-,4
2024-08-09 11:30:19.853764,LTE_PHY_PUCCH_Tx_Report,351,-,59,6
2024-08-09 11:30:19.863775,LTE_PHY_PUSCH_Tx_Report,351,18,-,4
2024-08-09 11:30:19.863775,LTE_PHY_PUCCH_Tx_Report,351,-,60,6
2024-08-09 11:30:19.873786,LTE_PHY_PUSCH_Tx_Report,351,16,-,4
2024-08-09 11:30:19.873786,LTE_PHY_PUCCH_Tx_Report,351,-,58,6
2024-08-09 11:30:19.883768,LTE_PHY_PUSCH_Tx_Report,351,14,-,3
2024-08-09 11:30:19.883768,LTE_PHY_PUCCH_Tx_Report,351,-,58,7
2024-08-09 11:30:19.893838,LTE_PHY_PUSCH_Tx_Report,351,15,-,5
2024-08-09 11:30:19.893838,LTE_PHY_PUCCH_Tx_Report,351,-,58,5
2024-08-09 11:30:19.903830,LTE_PHY_PUSCH_Tx_Report,351,16,-,3
2024-08-09 11:30:19.903830,LTE_PHY_PUCCH_Tx_Report,351,-,58,7
2024-08-09 11:30:19.913751,LTE_PHY_PUSCH_Tx_Report,351,14,-,3
2024-08-09 11:30:19.913751,LTE_PHY_PUCCH_Tx_Report,351,-,58,7
2024-08-09 11:30:19.923759,LTE_PHY_PUSCH_Tx_Report,351,18,-,4
2024-08-09 11:30:19.923759,LTE_PHY_PUCCH_Tx_Report,351,-,62,6
2024-08-09 11:30:19.933088,LTE_PHY_PUSCH_Tx_Report,351,20,-,4
2024-08-09 11:30:19.933088,LTE_PHY_PUCCH_Tx_Report,351,-,62,6
2024-08-09 11:30:19.942786,LTE_PHY_PUSCH_Tx_Report,351,20,-,4
2024-08-09 11:30:19.942786,LTE_PHY_PUCCH_Tx_Report,351,-,60,6
2024-08-09 11:30:19.953761,LTE_PHY_PUSCH_Tx_Report,351,18,-,4
2024-08-09 11:30:19.953761,LTE_PHY_PUCCH_Tx_Report,351,-,59,6
2024-08-09 11:30:19.963806,LTE_PHY_PUSCH_Tx_Report,351,17,-,4
2024-08-09 11:30:19.963806,LTE_PHY_PUCCH_Tx_Report,351,-,60,6
2024-08-09 11:30:19.973799,LTE_PHY_PUSCH_Tx_Report,351,15,-,4
2024-08-09 11:30:19.973799,LTE_PHY_PUCCH_Tx_Report,351,-,60,6
2024-08-09 11:30:19.983759,LTE_PHY_PUSCH_Tx_Report,351,16,-,3
2024-08-09 11:30:19.983759,LTE_PHY_PUCCH_Tx_Report,351,-,60,7
2024-08-09 11:30:19.993433,LTE_PHY_PUSCH_Tx_Report,351,13,-,4
2024-08-09 11:30:19.993433,LTE_PHY_PUCCH_Tx_Report,351,-,60,6
2024-08-09 11:30:20.003774,LTE_PHY_PUSCH_Tx_Report,351,16,-,3
2024-08-09 11:30:20.003774,LTE_PHY_PUCCH_Tx_Report,351,-,59,7
2024-08-09 11:30:20.013337,LTE_PHY_PUSCH_Tx_Report,351,16,-,4
2024-08-09 11:30:20.013337,LTE_PHY_PUCCH_Tx_Report,351,-,57,1
2024-08-09 11:30:20.023422,LTE_PHY_PUSCH_Tx_Report,351,14,-,3
2024-08-09 11:30:20.033341,LTE_PHY_PUSCH_Tx_Report,351,14,-,2
2024-08-09 11:30:20.043337,LTE_PHY_PUSCH_Tx_Report,351,16,-,2
2024-08-09 11:30:20.043337,LTE_PHY_PUCCH_Tx_Report,351,-,57,2
2024-08-09 11:30:20.053331,LTE_PHY_PUSCH_Tx_Report,351,15,-,2
2024-08-09 11:30:20.053331,LTE_PHY_PUCCH_Tx_Report,351,-,58,2
2024-08-09 11:30:20.063329,LTE_PHY_PUSCH_Tx_Report,351,14,-,2
2024-08-09 11:30:20.063329,LTE_PHY_PUCCH_Tx_Report,351,-,59,3
2024-08-09 11:30:20.073327,LTE_PHY_PUSCH_Tx_Report,351,14,-,2
2024-08-09 11:30:20.073327,LTE_PHY_PUCCH_Tx_Report,351,-,57,1
2024-08-09 11:30:20.083329,LTE_PHY_PUSCH_Tx_Report,351,13,-,1
2024-08-09 11:30:20.083329,LTE_PHY_PUCCH_Tx_Report,351,-,58,2
2024-08-09 11:30:20.093772,LTE_PHY_PUSCH_Tx_Report,351,12,-,4
2024-08-09 11:30:20.093772,LTE_PHY_PUCCH_Tx_Report,351,-,57,1
2024-08-09 11:30:20.103405,LTE_PHY_PUSCH_Tx_Report,351,13,-,3
2024-08-09 11:30:20.103405,LTE_PHY_PUCCH_Tx_Report,351,-,58,2
2024-08-09 11:30:20.113327,LTE_PHY_PUSCH_Tx_Report,351,13,-,2
2024-08-09 11:30:20.113327,LTE_PHY_PUCCH_Tx_Report,351,-,60,1
2024-08-09 11:30:20.123330,LTE_PHY_PUSCH_Tx_Report,351,13,-,3
2024-08-09 11:30:20.123330,LTE_PHY_PUCCH_Tx_Report,351,-,60,1
2024-08-09 11:30:20.133331,LTE_PHY_PUSCH_Tx_Report,351,13,-,2
2024-08-09 11:30:20.143338,LTE_PHY_PUSCH_Tx_Report,351,13,-,2
2024-08-09 11:30:20.143338,LTE_PHY_PUCCH_Tx_Report,351,-,60,2
2024-08-09 11:30:20.153353,LTE_PHY_PUSCH_Tx_Report,351,13,-,2
2024-08-09 11:30:20.153353,LTE_PHY_PUCCH_Tx_Report,351,-,60,2
2024-08-09 11:30:20.163330,LTE_PHY_PUSCH_Tx_Report,351,13,-,2
2024-08-09 11:30:20.163330,LTE_PHY_PUCCH_Tx_Report,351,-,60,2
2024-08-09 11:30:20.173797,LTE_PHY_PUSCH_Tx_Report,351,13,-,3
2024-08-09 11:30:20.173797,LTE_PHY_PUCCH_Tx_Report,351,-,58,2
2024-08-09 11:30:20.183368,LTE_PHY_PUSCH_Tx_Report,351,13,-,2
2024-08-09 11:30:20.183368,LTE_PHY_PUCCH_Tx_Report,351,-,60,2
2024-08-09 11:30:20.193337,LTE_PHY_PUSCH_Tx_Report,351,12,-,2
2024-08-09 11:30:20.193337,LTE_PHY_PUCCH_Tx_Report,351,-,59,1
2024-08-09 11:30:20.203754,LTE_PHY_PUSCH_Tx_Report,351,12,-,3
2024-08-09 11:30:20.213357,LTE_PHY_PUSCH_Tx_Report,351,13,-,1
2024-08-09 11:30:20.213357,LTE_PHY_PUCCH_Tx_Report,351,-,60,4
2024-08-09 11:30:20.233420,LTE_PHY_PUSCH_Tx_Report,351,13,-,2
2024-08-09 11:30:20.233420,LTE_PHY_PUCCH_Tx_Report,351,-,60,2
2024-08-09 11:30:20.243080,LTE_PHY_PUSCH_Tx_Report,351,12,-,1
2024-08-09 11:30:20.243080,LTE_PHY_PUCCH_Tx_Report,351,-,59,2
2024-08-09 11:30:20.253082,LTE_PHY_PUSCH_Tx_Report,351,13,-,2
2024-08-09 11:30:20.253082,LTE_PHY_PUCCH_Tx_Report,351,-,59,8
2024-08-09 11:30:20.263082,LTE_PHY_PUSCH_Tx_Report,351,13,-,1
2024-08-09 11:30:20.263082,LTE_PHY_PUCCH_Tx_Report,351,-,58,9
2024-08-09 11:30:20.273082,LTE_PHY_PUSCH_Tx_Report,351,12,-,5
2024-08-09 11:30:20.273082,LTE_PHY_PUCCH_Tx_Report,351,-,57,5
2024-08-09 11:30:20.283082,LTE_PHY_PUSCH_Tx_Report,351,12,-,6
2024-08-09 11:30:20.283082,LTE_PHY_PUCCH_Tx_Report,351,-,57,4
2024-08-09 11:30:20.293080,LTE_PHY_PUSCH_Tx_Report,351,12,-,6
2024-08-09 11:30:20.293080,LTE_PHY_PUCCH_Tx_Report,351,-,56,4
2024-08-09 11:30:20.304650,LTE_PHY_PUSCH_Tx_Report,351,12,-,4
2024-08-09 11:30:20.304650,LTE_PHY_PUCCH_Tx_Report,351,-,56,6
2024-08-09 11:30:20.313085,LTE_PHY_PUSCH_Tx_Report,351,11,-,3
2024-08-09 11:30:20.313085,LTE_PHY_PUCCH_Tx_Report,351,-,56,7
2024-08-09 11:30:20.323084,LTE_PHY_PUSCH_Tx_Report,351,12,-,5
2024-08-09 11:30:20.323084,LTE_PHY_PUCCH_Tx_Report,351,-,57,5
2024-08-09 11:30:20.333079,LTE_PHY_PUSCH_Tx_Report,351,12,-,5
2024-08-09 11:30:20.333079,LTE_PHY_PUCCH_Tx_Report,351,-,56,5
2024-08-09 11:30:20.343077,LTE_PHY_PUSCH_Tx_Report,351,12,-,3
2024-08-09 11:30:20.343077,LTE_PHY_PUCCH_Tx_Report,351,-,58,7
2024-08-09 11:30:20.353078,LTE_PHY_PUSCH_Tx_Report,351,14,-,5
2024-08-09 11:30:20.353078,LTE_PHY_PUCCH_Tx_Report,351,-,60,5
2024-08-09 11:30:20.363078,LTE_PHY_PUSCH_Tx_Report,351,14,-,4
2024-08-09 11:30:20.363078,LTE_PHY_PUCCH_Tx_Report,351,-,60,6
2024-08-09 11:30:20.373083,LTE_PHY_PUSCH_Tx_Report,351,15,-,5
2024-08-09 11:30:20.373083,LTE_PHY_PUCCH_Tx_Report,351,-,59,5
2024-08-09 11:30:20.383078,LTE_PHY_PUSCH_Tx_Report,351,14,-,5
2024-08-09 11:30:20.383078,LTE_PHY_PUCCH_Tx_Report,351,-,58,5
2024-08-09 11:30:20.393085,LTE_PHY_PUSCH_Tx_Report,351,14,-,5
2024-08-09 11:30:20.393085,LTE_PHY_PUCCH_Tx_Report,351,-,58,5
2024-08-09 11:30:20.403082,LTE_PHY_PUSCH_Tx_Report,351,12,-,3
2024-08-09 11:30:20.403082,LTE_PHY_PUCCH_Tx_Report,351,-,57,7
2024-08-09 11:30:20.412954,LTE_PHY_PUSCH_Tx_Report,351,12,-,4
2024-08-09 11:30:20.412954,LTE_PHY_PUCCH_Tx_Report,351,-,58,6
2024-08-09 11:30:20.423078,LTE_PHY_PUSCH_Tx_Report,351,12,-,3
2024-08-09 11:30:20.423078,LTE_PHY_PUCCH_Tx_Report,351,-,59,7
2024-08-09 11:30:20.433088,LTE_PHY_PUSCH_Tx_Report,351,13,-,3
2024-08-09 11:30:20.433088,LTE_PHY_PUCCH_Tx_Report,351,-,60,7
2024-08-09 11:30:20.443079,LTE_PHY_PUSCH_Tx_Report,351,13,-,3
2024-08-09 11:30:20.443079,LTE_PHY_PUCCH_Tx_Report,351,-,60,7
2024-08-09 11:30:20.453079,LTE_PHY_PUSCH_Tx_Report,351,13,-,3
2024-08-09 11:30:20.453079,LTE_PHY_PUCCH_Tx_Report,351,-,59,7
2024-08-09 11:30:20.463083,LTE_PHY_PUSCH_Tx_Report,351,14,-,5
2024-08-09 11:30:20.463083,LTE_PHY_PUCCH_Tx_Report,351,-,58,5
2024-08-09 11:30:20.473083,LTE_PHY_PUSCH_Tx_Report,351,13,-,5
2024-08-09 11:30:20.473083,LTE_PHY_PUCCH_Tx_Report,351,-,57,5
2024-08-09 11:30:20.483082,LTE_PHY_PUSCH_Tx_Report,351,13,-,5
2024-08-09 11:30:20.483082,LTE_PHY_PUCCH_Tx_Report,351,-,57,5
2024-08-09 11:30:20.493077,LTE_PHY_PUSCH_Tx_Report,351,14,-,4
2024-08-09 11:30:20.493077,LTE_PHY_PUCCH_Tx_Report,351,-,58,6
2024-08-09 11:30:20.503105,LTE_PHY_PUSCH_Tx_Report,351,14,-,5
2024-08-09 11:30:20.503105,LTE_PHY_PUCCH_Tx_Report,351,-,59,5
2024-08-09 11:30:20.513083,LTE_PHY_PUSCH_Tx_Report,351,14,-,4
2024-08-09 11:30:20.513083,LTE_PHY_PUCCH_Tx_Report,351,-,59,6
2024-08-09 11:30:20.523085,LTE_PHY_PUSCH_Tx_Report,351,13,-,3
2024-08-09 11:30:20.523085,LTE_PHY_PUCCH_Tx_Report,351,-,59,7
2024-08-09 11:30:20.533082,LTE_PHY_PUSCH_Tx_Report,351,14,-,5
2024-08-09 11:30:20.533082,LTE_PHY_PUCCH_Tx_Report,351,-,60,5
2024-08-09 11:30:20.543081,LTE_PHY_PUSCH_Tx_Report,351,14,-,6
2024-08-09 11:30:20.543081,LTE_PHY_PUCCH_Tx_Report,351,-,60,4
2024-08-09 11:30:20.553082,LTE_PHY_PUSCH_Tx_Report,351,13,-,5
2024-08-09 11:30:20.553082,LTE_PHY_PUCCH_Tx_Report,351,-,61,5
2024-08-09 11:30:20.563081,LTE_PHY_PUSCH_Tx_Report,351,13,-,3
2024-08-09 11:30:20.563081,LTE_PHY_PUCCH_Tx_Report,351,-,61,6
2024-08-09 11:30:20.572962,LTE_PHY_PUSCH_Tx_Report,351,12,-,4
2024-08-09 11:30:20.572962,LTE_PHY_PUCCH_Tx_Report,351,-,60,6
2024-08-09 11:30:20.583078,LTE_PHY_PUSCH_Tx_Report,351,13,-,5
2024-08-09 11:30:20.583078,LTE_PHY_PUCCH_Tx_Report,351,-,59,5
2024-08-09 11:30:20.593077,LTE_PHY_PUSCH_Tx_Report,351,13,-,4
2024-08-09 11:30:20.593077,LTE_PHY_PUCCH_Tx_Report,351,-,60,6
2024-08-09 11:30:20.603103,LTE_PHY_PUSCH_Tx_Report,351,11,-,4
2024-08-09 11:30:20.603103,LTE_PHY_PUCCH_Tx_Report,351,-,60,6
2024-08-09 11:30:20.613085,LTE_PHY_PUSCH_Tx_Report,351,12,-,2
2024-08-09 11:30:20.613085,LTE_PHY_PUCCH_Tx_Report,351,-,59,8
2024-08-09 11:30:20.623083,LTE_PHY_PUSCH_Tx_Report,351,13,-,4
2024-08-09 11:30:20.623083,LTE_PHY_PUCCH_Tx_Report,351,-,57,6
2024-08-09 11:30:20.633084,LTE_PHY_PUSCH_Tx_Report,351,12,-,5
2024-08-09 11:30:20.633084,LTE_PHY_PUCCH_Tx_Report,351,-,57,5
2024-08-09 11:30:20.643097,LTE_PHY_PUSCH_Tx_Report,351,13,-,4
2024-08-09 11:30:20.643097,LTE_PHY_PUCCH_Tx_Report,351,-,57,6
2024-08-09 11:30:20.653092,LTE_PHY_PUSCH_Tx_Report,351,13,-,3
2024-08-09 11:30:20.653092,LTE_PHY_PUCCH_Tx_Report,351,-,57,6
2024-08-09 11:30:20.663085,LTE_PHY_PUSCH_Tx_Report,351,13,-,3
2024-08-09 11:30:20.663085,LTE_PHY_PUCCH_Tx_Report,351,-,57,5
2024-08-09 11:30:20.673093,LTE_PHY_PUSCH_Tx_Report,351,13,-,3
2024-08-09 11:30:20.673093,LTE_PHY_PUCCH_Tx_Report,351,-,59,6
2024-08-09 11:30:20.682894,LTE_PHY_PUSCH_Tx_Report,351,13,-,3
2024-08-09 11:30:20.682894,LTE_PHY_PUCCH_Tx_Report,351,-,58,7
2024-08-09 11:30:20.693086,LTE_PHY_PUSCH_Tx_Report,351,13,-,3
2024-08-09 11:30:20.693086,LTE_PHY_PUCCH_Tx_Report,351,-,55,7
2024-08-09 11:30:20.703110,LTE_PHY_PUSCH_Tx_Report,351,14,-,5
2024-08-09 11:30:20.703110,LTE_PHY_PUCCH_Tx_Report,351,-,55,5
2024-08-09 11:30:20.713092,LTE_PHY_PUSCH_Tx_Report,351,14,-,4
2024-08-09 11:30:20.713092,LTE_PHY_PUCCH_Tx_Report,351,-,56,6
2024-08-09 11:30:20.722884,LTE_PHY_PUSCH_Tx_Report,351,14,-,5
2024-08-09 11:30:20.722884,LTE_PHY_PUCCH_Tx_Report,351,-,57,5
2024-08-09 11:30:20.732967,LTE_PHY_PUSCH_Tx_Report,351,15,-,5
2024-08-09 11:30:20.732967,LTE_PHY_PUCCH_Tx_Report,351,-,59,5
2024-08-09 11:30:20.743100,LTE_PHY_PUSCH_Tx_Report,351,14,-,5
2024-08-09 11:30:20.743100,LTE_PHY_PUCCH_Tx_Report,351,-,60,5
2024-08-09 11:30:20.752963,LTE_PHY_PUSCH_Tx_Report,351,14,-,4
2024-08-09 11:30:20.752963,LTE_PHY_PUCCH_Tx_Report,351,-,61,5
2024-08-09 11:30:20.763083,LTE_PHY_PUSCH_Tx_Report,351,15,-,3
2024-08-09 11:30:20.763083,LTE_PHY_PUCCH_Tx_Report,351,-,60,5
2024-08-09 11:30:20.773083,LTE_PHY_PUSCH_Tx_Report,351,14,-,3
2024-08-09 11:30:20.773083,LTE_PHY_PUCCH_Tx_Report,351,-,59,7
2024-08-09 11:30:20.783083,LTE_PHY_PUSCH_Tx_Report,351,14,-,3
2024-08-09 11:30:20.783083,LTE_PHY_PUCCH_Tx_Report,351,-,58,5
2024-08-09 11:30:20.793084,LTE_PHY_PUSCH_Tx_Report,351,15,-,2
2024-08-09 11:30:20.793084,LTE_PHY_PUCCH_Tx_Report,351,-,57,8
2024-08-09 11:30:20.803111,LTE_PHY_PUSCH_Tx_Report,351,13,-,3
2024-08-09 11:30:20.803111,LTE_PHY_PUCCH_Tx_Report,351,-,57,5
2024-08-09 11:30:20.813085,LTE_PHY_PUSCH_Tx_Report,351,14,-,5
2024-08-09 11:30:20.813085,LTE_PHY_PUCCH_Tx_Report,351,-,59,5
2024-08-09 11:30:20.823090,LTE_PHY_PUSCH_Tx_Report,351,14,-,3
2024-08-09 11:30:20.823090,LTE_PHY_PUCCH_Tx_Report,351,-,58,7
2024-08-09 11:30:20.833098,LTE_PHY_PUSCH_Tx_Report,351,14,-,4
2024-08-09 11:30:20.833098,LTE_PHY_PUCCH_Tx_Report,351,-,57,6
2024-08-09 11:30:20.842951,LTE_PHY_PUSCH_Tx_Report,351,14,-,4
2024-08-09 11:30:20.842951,LTE_PHY_PUCCH_Tx_Report,351,-,56,6
2024-08-09 11:30:20.853780,LTE_PHY_PUSCH_Tx_Report,351,14,-,3
2024-08-09 11:30:20.853780,LTE_PHY_PUCCH_Tx_Report,351,-,57,7
2024-08-09 11:30:20.863083,LTE_PHY_PUSCH_Tx_Report,351,14,-,3
2024-08-09 11:30:20.863083,LTE_PHY_PUCCH_Tx_Report,351,-,58,7
2024-08-09 11:30:20.873082,LTE_PHY_PUSCH_Tx_Report,351,14,-,3
2024-08-09 11:30:20.873082,LTE_PHY_PUCCH_Tx_Report,351,-,59,7
2024-08-09 11:30:20.882961,LTE_PHY_PUSCH_Tx_Report,351,14,-,3
2024-08-09 11:30:20.882961,LTE_PHY_PUCCH_Tx_Report,351,-,59,6
2024-08-09 11:30:20.893079,LTE_PHY_PUSCH_Tx_Report,351,14,-,2
2024-08-09 11:30:20.893079,LTE_PHY_PUCCH_Tx_Report,351,-,60,8
2024-08-09 11:30:20.903108,LTE_PHY_PUSCH_Tx_Report,351,15,-,4
2024-08-09 11:30:20.903108,LTE_PHY_PUCCH_Tx_Report,351,-,59,6
2024-08-09 11:30:20.913089,LTE_PHY_PUSCH_Tx_Report,351,14,-,4
2024-08-09 11:30:20.913089,LTE_PHY_PUCCH_Tx_Report,351,-,58,6
2024-08-09 11:30:20.923083,LTE_PHY_PUSCH_Tx_Report,351,15,-,4
2024-08-09 11:30:20.923083,LTE_PHY_PUCCH_Tx_Report,351,-,57,6
2024-08-09 11:30:20.933082,LTE_PHY_PUSCH_Tx_Report,351,14,-,4
2024-08-09 11:30:20.933082,LTE_PHY_PUCCH_Tx_Report,351,-,56,6
2024-08-09 11:30:20.943084,LTE_PHY_PUSCH_Tx_Report,351,14,-,3
2024-08-09 11:30:20.943084,LTE_PHY_PUCCH_Tx_Report,351,-,57,7
2024-08-09 11:30:20.953089,LTE_PHY_PUSCH_Tx_Report,351,14,-,4
2024-08-09 11:30:20.953089,LTE_PHY_PUCCH_Tx_Report,351,-,57,5
2024-08-09 11:30:20.963089,LTE_PHY_PUSCH_Tx_Report,351,14,-,3
2024-08-09 11:30:20.963089,LTE_PHY_PUCCH_Tx_Report,351,-,57,6
2024-08-09 11:30:20.973086,LTE_PHY_PUSCH_Tx_Report,351,14,-,4
2024-08-09 11:30:20.973086,LTE_PHY_PUCCH_Tx_Report,351,-,55,6
2024-08-09 11:30:20.983090,LTE_PHY_PUSCH_Tx_Report,351,14,-,3
2024-08-09 11:30:20.983090,LTE_PHY_PUCCH_Tx_Report,351,-,55,7
2024-08-09 11:30:20.993097,LTE_PHY_PUSCH_Tx_Report,351,15,-,4
2024-08-09 11:30:20.993097,LTE_PHY_PUCCH_Tx_Report,351,-,57,6
2024-08-09 11:30:21.003108,LTE_PHY_PUSCH_Tx_Report,351,13,-,5
2024-08-09 11:30:21.003108,LTE_PHY_PUCCH_Tx_Report,351,-,59,5
2024-08-09 11:30:21.012962,LTE_PHY_PUSCH_Tx_Report,351,16,-,4
2024-08-09 11:30:21.012962,LTE_PHY_PUCCH_Tx_Report,351,-,60,6
2024-08-09 11:30:21.022895,LTE_PHY_PUSCH_Tx_Report,351,15,-,5
2024-08-09 11:30:21.022895,LTE_PHY_PUCCH_Tx_Report,351,-,60,5
2024-08-09 11:30:21.033086,LTE_PHY_PUSCH_Tx_Report,351,15,-,5
2024-08-09 11:30:21.033086,LTE_PHY_PUCCH_Tx_Report,351,-,60,5
2024-08-09 11:30:21.043084,LTE_PHY_PUSCH_Tx_Report,351,14,-,5
2024-08-09 11:30:21.043084,LTE_PHY_PUCCH_Tx_Report,351,-,58,4
2024-08-09 11:30:21.053088,LTE_PHY_PUSCH_Tx_Report,351,11,-,5
2024-08-09 11:30:21.053088,LTE_PHY_PUCCH_Tx_Report,351,-,58,5
2024-08-09 11:30:21.063083,LTE_PHY_PUSCH_Tx_Report,351,13,-,4
2024-08-09 11:30:21.063083,LTE_PHY_PUCCH_Tx_Report,351,-,61,6
2024-08-09 11:30:21.073086,LTE_PHY_PUSCH_Tx_Report,351,14,-,5
2024-08-09 11:30:21.073086,LTE_PHY_PUCCH_Tx_Report,351,-,61,5
2024-08-09 11:30:21.083089,LTE_PHY_PUSCH_Tx_Report,351,14,-,4
2024-08-09 11:30:21.083089,LTE_PHY_PUCCH_Tx_Report,351,-,60,6
2024-08-09 11:30:21.093086,LTE_PHY_PUSCH_Tx_Report,351,13,-,5
2024-08-09 11:30:21.093086,LTE_PHY_PUCCH_Tx_Report,351,-,59,5
2024-08-09 11:30:21.103109,LTE_PHY_PUSCH_Tx_Report,351,14,-,5
2024-08-09 11:30:21.103109,LTE_PHY_PUCCH_Tx_Report,351,-,59,5
2024-08-09 11:30:21.113087,LTE_PHY_PUSCH_Tx_Report,351,14,-,5
2024-08-09 11:30:21.113087,LTE_PHY_PUCCH_Tx_Report,351,-,59,5
2024-08-09 11:30:21.123089,LTE_PHY_PUSCH_Tx_Report,351,15,-,5
2024-08-09 11:30:21.123089,LTE_PHY_PUCCH_Tx_Report,351,-,58,5
2024-08-09 11:30:21.133082,LTE_PHY_PUSCH_Tx_Report,351,13,-,4
2024-08-09 11:30:21.133082,LTE_PHY_PUCCH_Tx_Report,351,-,58,6
2024-08-09 11:30:21.143090,LTE_PHY_PUSCH_Tx_Report,351,13,-,3
2024-08-09 11:30:21.143090,LTE_PHY_PUCCH_Tx_Report,351,-,59,7
2024-08-09 11:30:21.153085,LTE_PHY_PUSCH_Tx_Report,351,13,-,4
2024-08-09 11:30:21.153085,LTE_PHY_PUCCH_Tx_Report,351,-,59,6
2024-08-09 11:30:21.163094,LTE_PHY_PUSCH_Tx_Report,351,12,-,6
2024-08-09 11:30:21.163094,LTE_PHY_PUCCH_Tx_Report,351,-,60,4
2024-08-09 11:30:21.173087,LTE_PHY_PUSCH_Tx_Report,351,12,-,4
2024-08-09 11:30:21.173087,LTE_PHY_PUCCH_Tx_Report,351,-,59,6
2024-08-09 11:30:21.183086,LTE_PHY_PUSCH_Tx_Report,351,13,-,5
2024-08-09 11:30:21.183086,LTE_PHY_PUCCH_Tx_Report,351,-,58,5
2024-08-09 11:30:21.193087,LTE_PHY_PUSCH_Tx_Report,351,13,-,5
2024-08-09 11:30:21.193087,LTE_PHY_PUCCH_Tx_Report,351,-,58,5
2024-08-09 11:30:21.202885,LTE_PHY_PUSCH_Tx_Report,351,12,-,3
2024-08-09 11:30:21.202885,LTE_PHY_PUCCH_Tx_Report,351,-,60,7
2024-08-09 11:30:21.213082,LTE_PHY_PUSCH_Tx_Report,351,14,-,6
2024-08-09 11:30:21.213082,LTE_PHY_PUCCH_Tx_Report,351,-,59,4
2024-08-09 11:30:21.223085,LTE_PHY_PUSCH_Tx_Report,351,14,-,5
2024-08-09 11:30:21.223085,LTE_PHY_PUCCH_Tx_Report,351,-,59,5
2024-08-09 11:30:21.232967,LTE_PHY_PUSCH_Tx_Report,351,13,-,4
2024-08-09 11:30:21.232967,LTE_PHY_PUCCH_Tx_Report,351,-,60,6
2024-08-09 11:30:21.243086,LTE_PHY_PUSCH_Tx_Report,351,12,-,4
2024-08-09 11:30:21.243086,LTE_PHY_PUCCH_Tx_Report,351,-,60,6
2024-08-09 11:30:21.253093,LTE_PHY_PUSCH_Tx_Report,351,15,-,5
2024-08-09 11:30:21.253093,LTE_PHY_PUCCH_Tx_Report,351,-,59,5
2024-08-09 11:30:21.263080,LTE_PHY_PUSCH_Tx_Report,351,12,-,4
2024-08-09 11:30:21.263080,LTE_PHY_PUCCH_Tx_Report,351,-,60,6
2024-08-09 11:30:21.273083,LTE_PHY_PUSCH_Tx_Report,351,14,-,5
2024-08-09 11:30:21.273083,LTE_PHY_PUCCH_Tx_Report,351,-,59,5
2024-08-09 11:30:21.283086,LTE_PHY_PUSCH_Tx_Report,351,13,-,4
2024-08-09 11:30:21.283086,LTE_PHY_PUCCH_Tx_Report,351,-,58,6
2024-08-09 11:30:21.293094,LTE_PHY_PUSCH_Tx_Report,351,13,-,3
2024-08-09 11:30:21.293094,LTE_PHY_PUCCH_Tx_Report,351,-,58,7
2024-08-09 11:30:21.303090,LTE_PHY_PUSCH_Tx_Report,351,13,-,4
2024-08-09 11:30:21.303090,LTE_PHY_PUCCH_Tx_Report,351,-,60,6
2024-08-09 11:30:21.313082,LTE_PHY_PUSCH_Tx_Report,351,14,-,4
2024-08-09 11:30:21.313082,LTE_PHY_PUCCH_Tx_Report,351,-,59,6
2024-08-09 11:30:21.323082,LTE_PHY_PUSCH_Tx_Report,351,13,-,4
2024-08-09 11:30:21.323082,LTE_PHY_PUCCH_Tx_Report,351,-,57,6
2024-08-09 11:30:21.333088,LTE_PHY_PUSCH_Tx_Report,351,13,-,3
2024-08-09 11:30:21.333088,LTE_PHY_PUCCH_Tx_Report,351,-,57,7
2024-08-09 11:30:21.343087,LTE_PHY_PUSCH_Tx_Report,351,14,-,4
2024-08-09 11:30:21.343087,LTE_PHY_PUCCH_Tx_Report,351,-,57,6
2024-08-09 11:30:21.353085,LTE_PHY_PUSCH_Tx_Report,351,14,-,5
2024-08-09 11:30:21.353085,LTE_PHY_PUCCH_Tx_Report,351,-,56,5
2024-08-09 11:30:21.362974,LTE_PHY_PUSCH_Tx_Report,351,12,-,4
2024-08-09 11:30:21.362974,LTE_PHY_PUCCH_Tx_Report,351,-,56,6
2024-08-09 11:30:21.373082,LTE_PHY_PUSCH_Tx_Report,351,14,-,3
2024-08-09 11:30:21.373082,LTE_PHY_PUCCH_Tx_Report,351,-,56,7
2024-08-09 11:30:21.383084,LTE_PHY_PUSCH_Tx_Report,351,13,-,3
2024-08-09 11:30:21.383084,LTE_PHY_PUCCH_Tx_Report,351,-,57,7
2024-08-09 11:30:21.393086,LTE_PHY_PUSCH_Tx_Report,351,14,-,4
2024-08-09 11:30:21.393086,LTE_PHY_PUCCH_Tx_Report,351,-,57,6
2024-08-09 11:30:21.402834,LTE_PHY_PUSCH_Tx_Report,351,13,-,3
2024-08-09 11:30:21.402834,LTE_PHY_PUCCH_Tx_Report,351,-,58,7
2024-08-09 11:30:21.413101,LTE_PHY_PUSCH_Tx_Report,351,14,-,5
2024-08-09 11:30:21.413101,LTE_PHY_PUCCH_Tx_Report,351,-,57,5
2024-08-09 11:30:21.423084,LTE_PHY_PUSCH_Tx_Report,351,15,-,6
2024-08-09 11:30:21.423084,LTE_PHY_PUCCH_Tx_Report,351,-,57,4
2024-08-09 11:30:21.433089,LTE_PHY_PUSCH_Tx_Report,351,12,-,3
2024-08-09 11:30:21.433089,LTE_PHY_PUCCH_Tx_Report,351,-,58,7
2024-08-09 11:30:21.443089,LTE_PHY_PUSCH_Tx_Report,351,12,-,3
2024-08-09 11:30:21.443089,LTE_PHY_PUCCH_Tx_Report,351,-,58,7
2024-08-09 11:30:21.453090,LTE_PHY_PUSCH_Tx_Report,351,13,-,4
2024-08-09 11:30:21.453090,LTE_PHY_PUCCH_Tx_Report,351,-,57,6
2024-08-09 11:30:21.462955,LTE_PHY_PUSCH_Tx_Report,351,12,-,3
2024-08-09 11:30:21.462955,LTE_PHY_PUCCH_Tx_Report,351,-,57,7
2024-08-09 11:30:21.473088,LTE_PHY_PUSCH_Tx_Report,351,12,-,3
2024-08-09 11:30:21.473088,LTE_PHY_PUCCH_Tx_Report,351,-,57,7
2024-08-09 11:30:21.483096,LTE_PHY_PUSCH_Tx_Report,351,12,-,4
2024-08-09 11:30:21.483096,LTE_PHY_PUCCH_Tx_Report,351,-,57,6
2024-08-09 11:30:21.493082,LTE_PHY_PUSCH_Tx_Report,351,12,-,5
2024-08-09 11:30:21.493082,LTE_PHY_PUCCH_Tx_Report,351,-,59,5
2024-08-09 11:30:21.503116,LTE_PHY_PUSCH_Tx_Report,351,12,-,3
2024-08-09 11:30:21.503116,LTE_PHY_PUCCH_Tx_Report,351,-,59,7
2024-08-09 11:30:21.513092,LTE_PHY_PUSCH_Tx_Report,351,11,-,3
2024-08-09 11:30:21.513092,LTE_PHY_PUCCH_Tx_Report,351,-,58,7
2024-08-09 11:30:21.523085,LTE_PHY_PUSCH_Tx_Report,351,10,-,5
2024-08-09 11:30:21.523085,LTE_PHY_PUCCH_Tx_Report,351,-,57,4
2024-08-09 11:30:21.533090,LTE_PHY_PUSCH_Tx_Report,351,11,-,3
2024-08-09 11:30:21.533090,LTE_PHY_PUCCH_Tx_Report,351,-,57,5
2024-08-09 11:30:21.543081,LTE_PHY_PUSCH_Tx_Report,351,12,-,3
2024-08-09 11:30:21.543081,LTE_PHY_PUCCH_Tx_Report,351,-,57,7
2024-08-09 11:30:21.553082,LTE_PHY_PUSCH_Tx_Report,351,11,-,4
2024-08-09 11:30:21.553082,LTE_PHY_PUCCH_Tx_Report,351,-,57,6
2024-08-09 11:30:21.563081,LTE_PHY_PUSCH_Tx_Report,351,12,-,3
2024-08-09 11:30:21.563081,LTE_PHY_PUCCH_Tx_Report,351,-,56,7
2024-08-09 11:30:21.573081,LTE_PHY_PUSCH_Tx_Report,351,11,-,4
2024-08-09 11:30:21.573081,LTE_PHY_PUCCH_Tx_Report,351,-,55,5
2024-08-09 11:30:21.583086,LTE_PHY_PUSCH_Tx_Report,351,13,-,4
2024-08-09 11:30:21.583086,LTE_PHY_PUCCH_Tx_Report,351,-,58,6
2024-08-09 11:30:21.593084,LTE_PHY_PUSCH_Tx_Report,351,12,-,5
2024-08-09 11:30:21.593084,LTE_PHY_PUCCH_Tx_Report,351,-,59,5
2024-08-09 11:30:21.603085,LTE_PHY_PUSCH_Tx_Report,351,14,-,4
2024-08-09 11:30:21.603085,LTE_PHY_PUCCH_Tx_Report,351,-,60,6
2024-08-09 11:30:21.612963,LTE_PHY_PUSCH_Tx_Report,351,13,-,5
2024-08-09 11:30:21.612963,LTE_PHY_PUCCH_Tx_Report,351,-,61,5
2024-08-09 11:30:21.623085,LTE_PHY_PUSCH_Tx_Report,351,15,-,5
2024-08-09 11:30:21.623085,LTE_PHY_PUCCH_Tx_Report,351,-,59,5
2024-08-09 11:30:21.633084,LTE_PHY_PUSCH_Tx_Report,351,12,-,4
2024-08-09 11:30:21.633084,LTE_PHY_PUCCH_Tx_Report,351,-,60,4
2024-08-09 11:30:21.643086,LTE_PHY_PUSCH_Tx_Report,351,13,-,5
2024-08-09 11:30:21.643086,LTE_PHY_PUCCH_Tx_Report,351,-,58,3
2024-08-09 11:30:21.653085,LTE_PHY_PUSCH_Tx_Report,351,13,-,3
2024-08-09 11:30:21.653085,LTE_PHY_PUCCH_Tx_Report,351,-,58,4
2024-08-09 11:30:21.663092,LTE_PHY_PUSCH_Tx_Report,351,13,-,3
2024-08-09 11:30:21.663092,LTE_PHY_PUCCH_Tx_Report,351,-,59,7
2024-08-09 11:30:21.673086,LTE_PHY_PUSCH_Tx_Report,351,13,-,4
2024-08-09 11:30:21.673086,LTE_PHY_PUCCH_Tx_Report,351,-,60,6
2024-08-09 11:30:21.683084,LTE_PHY_PUSCH_Tx_Report,351,14,-,4
2024-08-09 11:30:21.683084,LTE_PHY_PUCCH_Tx_Report,351,-,59,6
2024-08-09 11:30:21.693083,LTE_PHY_PUSCH_Tx_Report,351,13,-,5
2024-08-09 11:30:21.693083,LTE_PHY_PUCCH_Tx_Report,351,-,59,5
2024-08-09 11:30:21.703088,LTE_PHY_PUSCH_Tx_Report,351,13,-,4
2024-08-09 11:30:21.703088,LTE_PHY_PUCCH_Tx_Report,351,-,59,6
2024-08-09 11:30:21.713087,LTE_PHY_PUSCH_Tx_Report,351,12,-,3
2024-08-09 11:30:21.713087,LTE_PHY_PUCCH_Tx_Report,351,-,59,7
2024-08-09 11:30:21.723087,LTE_PHY_PUSCH_Tx_Report,351,12,-,4
2024-08-09 11:30:21.723087,LTE_PHY_PUCCH_Tx_Report,351,-,60,6
2024-08-09 11:30:21.733086,LTE_PHY_PUSCH_Tx_Report,351,12,-,5
2024-08-09 11:30:21.733086,LTE_PHY_PUCCH_Tx_Report,351,-,60,5
2024-08-09 11:30:21.743097,LTE_PHY_PUSCH_Tx_Report,351,12,-,5
2024-08-09 11:30:21.743097,LTE_PHY_PUCCH_Tx_Report,351,-,59,5
2024-08-09 11:30:21.753090,LTE_PHY_PUSCH_Tx_Report,351,13,-,5
2024-08-09 11:30:21.753090,LTE_PHY_PUCCH_Tx_Report,351,-,60,3
2024-08-09 11:30:21.763095,LTE_PHY_PUSCH_Tx_Report,351,13,-,4
2024-08-09 11:30:21.763095,LTE_PHY_PUCCH_Tx_Report,351,-,60,6
2024-08-09 11:30:21.773092,LTE_PHY_PUSCH_Tx_Report,351,12,-,3
2024-08-09 11:30:21.773092,LTE_PHY_PUCCH_Tx_Report,351,-,59,6
2024-08-09 11:30:21.783088,LTE_PHY_PUSCH_Tx_Report,351,12,-,3
2024-08-09 11:30:21.783088,LTE_PHY_PUCCH_Tx_Report,351,-,59,7
2024-08-09 11:30:21.793100,LTE_PHY_PUSCH_Tx_Report,351,12,-,3
2024-08-09 11:30:21.793100,LTE_PHY_PUCCH_Tx_Report,351,-,59,7
2024-08-09 11:30:21.802882,LTE_PHY_PUSCH_Tx_Report,351,12,-,2
2024-08-09 11:30:21.802882,LTE_PHY_PUCCH_Tx_Report,351,-,59,8
2024-08-09 11:30:21.813087,LTE_PHY_PUSCH_Tx_Report,351,12,-,4
2024-08-09 11:30:21.813087,LTE_PHY_PUCCH_Tx_Report,351,-,60,6
2024-08-09 11:30:21.822962,LTE_PHY_PUSCH_Tx_Report,351,12,-,4
2024-08-09 11:30:21.822962,LTE_PHY_PUCCH_Tx_Report,351,-,57,6
2024-08-09 11:30:21.833091,LTE_PHY_PUSCH_Tx_Report,351,12,-,3
2024-08-09 11:30:21.833091,LTE_PHY_PUCCH_Tx_Report,351,-,56,7
2024-08-09 11:30:21.843082,LTE_PHY_PUSCH_Tx_Report,351,11,-,4
2024-08-09 11:30:21.843082,LTE_PHY_PUCCH_Tx_Report,351,-,57,6
2024-08-09 11:30:21.853080,LTE_PHY_PUSCH_Tx_Report,351,12,-,4
2024-08-09 11:30:21.853080,LTE_PHY_PUCCH_Tx_Report,351,-,58,6
2024-08-09 11:30:21.863089,LTE_PHY_PUSCH_Tx_Report,351,12,-,3
2024-08-09 11:30:21.863089,LTE_PHY_PUCCH_Tx_Report,351,-,61,7
2024-08-09 11:30:21.873079,LTE_PHY_PUSCH_Tx_Report,351,14,-,4
2024-08-09 11:30:21.873079,LTE_PHY_PUCCH_Tx_Report,351,-,61,1
2024-08-09 11:30:21.883081,LTE_PHY_PUSCH_Tx_Report,351,14,-,5
2024-08-09 11:30:21.883081,LTE_PHY_PUCCH_Tx_Report,351,-,61,4
2024-08-09 11:30:21.893081,LTE_PHY_PUSCH_Tx_Report,351,14,-,4
2024-08-09 11:30:21.893081,LTE_PHY_PUCCH_Tx_Report,351,-,60,6
2024-08-09 11:30:21.903086,LTE_PHY_PUSCH_Tx_Report,351,14,-,4
2024-08-09 11:30:21.903086,LTE_PHY_PUCCH_Tx_Report,351,-,60,6
2024-08-09 11:30:21.913086,LTE_PHY_PUSCH_Tx_Report,351,15,-,4
2024-08-09 11:30:21.913086,LTE_PHY_PUCCH_Tx_Report,351,-,58,6
2024-08-09 11:30:21.923091,LTE_PHY_PUSCH_Tx_Report,351,13,-,5
2024-08-09 11:30:21.923091,LTE_PHY_PUCCH_Tx_Report,351,-,57,5
2024-08-09 11:30:21.932971,LTE_PHY_PUSCH_Tx_Report,351,13,-,4
2024-08-09 11:30:21.932971,LTE_PHY_PUCCH_Tx_Report,351,-,58,6
2024-08-09 11:30:21.943089,LTE_PHY_PUSCH_Tx_Report,351,13,-,4
2024-08-09 11:30:21.943089,LTE_PHY_PUCCH_Tx_Report,351,-,59,6
2024-08-09 11:30:21.953087,LTE_PHY_PUSCH_Tx_Report,351,14,-,4
2024-08-09 11:30:21.953087,LTE_PHY_PUCCH_Tx_Report,351,-,60,6
2024-08-09 11:30:21.963087,LTE_PHY_PUSCH_Tx_Report,351,15,-,5
2024-08-09 11:30:21.963087,LTE_PHY_PUCCH_Tx_Report,351,-,59,5
2024-08-09 11:30:21.973079,LTE_PHY_PUSCH_Tx_Report,351,14,-,6
2024-08-09 11:30:21.973079,LTE_PHY_PUCCH_Tx_Report,351,-,60,4
2024-08-09 11:30:21.983081,LTE_PHY_PUSCH_Tx_Report,351,14,-,4
2024-08-09 11:30:21.983081,LTE_PHY_PUCCH_Tx_Report,351,-,60,6
2024-08-09 11:30:21.993079,LTE_PHY_PUSCH_Tx_Report,351,13,-,3
2024-08-09 11:30:21.993079,LTE_PHY_PUCCH_Tx_Report,351,-,60,7
2024-08-09 11:30:22.003084,LTE_PHY_PUSCH_Tx_Report,351,16,-,2
2024-08-09 11:30:22.003084,LTE_PHY_PUCCH_Tx_Report,351,-,59,8
2024-08-09 11:30:22.013081,LTE_PHY_PUSCH_Tx_Report,351,17,-,3
2024-08-09 11:30:22.013081,LTE_PHY_PUCCH_Tx_Report,351,-,57,7
2024-08-09 11:30:22.023093,LTE_PHY_PUSCH_Tx_Report,351,15,-,3
2024-08-09 11:30:22.023093,LTE_PHY_PUCCH_Tx_Report,351,-,55,7
2024-08-09 11:30:22.033083,LTE_PHY_PUSCH_Tx_Report,351,14,-,5
2024-08-09 11:30:22.033083,LTE_PHY_PUCCH_Tx_Report,351,-,55,5
2024-08-09 11:30:22.043089,LTE_PHY_PUSCH_Tx_Report,351,14,-,4
2024-08-09 11:30:22.043089,LTE_PHY_PUCCH_Tx_Report,351,-,56,6
2024-08-09 11:30:22.053089,LTE_PHY_PUSCH_Tx_Report,351,14,-,4
2024-08-09 11:30:22.053089,LTE_PHY_PUCCH_Tx_Report,351,-,60,6
2024-08-09 11:30:22.063085,LTE_PHY_PUSCH_Tx_Report,351,14,-,4
2024-08-09 11:30:22.063085,LTE_PHY_PUCCH_Tx_Report,351,-,61,6
2024-08-09 11:30:22.073080,LTE_PHY_PUSCH_Tx_Report,351,13,-,3
2024-08-09 11:30:22.073080,LTE_PHY_PUCCH_Tx_Report,351,-,60,6
2024-08-09 11:30:22.083085,LTE_PHY_PUSCH_Tx_Report,351,15,-,3
2024-08-09 11:30:22.083085,LTE_PHY_PUCCH_Tx_Report,351,-,60,6
2024-08-09 11:30:22.093085,LTE_PHY_PUSCH_Tx_Report,351,16,-,2
2024-08-09 11:30:22.093085,LTE_PHY_PUCCH_Tx_Report,351,-,60,8
2024-08-09 11:30:22.103088,LTE_PHY_PUSCH_Tx_Report,351,15,-,3
2024-08-09 11:30:22.103088,LTE_PHY_PUCCH_Tx_Report,351,-,59,7
2024-08-09 11:30:22.112931,LTE_PHY_PUSCH_Tx_Report,351,17,-,1
2024-08-09 11:30:22.112931,LTE_PHY_PUCCH_Tx_Report,351,-,59,9
2024-08-09 11:30:22.123118,LTE_PHY_PUSCH_Tx_Report,351,17,-,1
2024-08-09 11:30:22.123118,LTE_PHY_PUCCH_Tx_Report,351,-,60,9
2024-08-09 11:30:22.133079,LTE_PHY_PUSCH_Tx_Report,351,15,-,3
2024-08-09 11:30:22.133079,LTE_PHY_PUCCH_Tx_Report,351,-,59,5
2024-08-09 11:30:22.143079,LTE_PHY_PUSCH_Tx_Report,351,17,-,1
2024-08-09 11:30:22.143079,LTE_PHY_PUCCH_Tx_Report,351,-,57,9
2024-08-09 11:30:22.153078,LTE_PHY_PUSCH_Tx_Report,351,14,-,4
2024-08-09 11:30:22.153078,LTE_PHY_PUCCH_Tx_Report,351,-,58,4
2024-08-09 11:30:22.163093,LTE_PHY_PUSCH_Tx_Report,351,15,-,3
2024-08-09 11:30:22.163093,LTE_PHY_PUCCH_Tx_Report,351,-,57,7
2024-08-09 11:30:22.173079,LTE_PHY_PUSCH_Tx_Report,351,15,-,4
2024-08-09 11:30:22.173079,LTE_PHY_PUCCH_Tx_Report,351,-,57,5
2024-08-09 11:30:22.183083,LTE_PHY_PUSCH_Tx_Report,351,15,-,3
2024-08-09 11:30:22.183083,LTE_PHY_PUCCH_Tx_Report,351,-,57,2
2024-08-09 11:30:22.193081,LTE_PHY_PUSCH_Tx_Report,351,16,-,2
2024-08-09 11:30:22.193081,LTE_PHY_PUCCH_Tx_Report,351,-,57,2
2024-08-09 11:30:22.203084,LTE_PHY_PUSCH_Tx_Report,351,15,-,3
2024-08-09 11:30:22.203084,LTE_PHY_PUCCH_Tx_Report,351,-,57,4
2024-08-09 11:30:22.213087,LTE_PHY_PUSCH_Tx_Report,351,15,-,2
2024-08-09 11:30:22.213087,LTE_PHY_PUCCH_Tx_Report,351,-,58,2
2024-08-09 11:30:22.223082,LTE_PHY_PUSCH_Tx_Report,351,14,-,3
2024-08-09 11:30:22.223082,LTE_PHY_PUCCH_Tx_Report,351,-,59,5
2024-08-09 11:30:22.233078,LTE_PHY_PUSCH_Tx_Report,351,14,-,3
2024-08-09 11:30:22.233078,LTE_PHY_PUCCH_Tx_Report,351,-,60,7
2024-08-09 11:30:22.243080,LTE_PHY_PUSCH_Tx_Report,351,14,-,3
2024-08-09 11:30:22.243080,LTE_PHY_PUCCH_Tx_Report,351,-,60,7
2024-08-09 11:30:22.253084,LTE_PHY_PUSCH_Tx_Report,351,14,-,3
2024-08-09 11:30:22.253084,LTE_PHY_PUCCH_Tx_Report,351,-,60,7
2024-08-09 11:30:22.263080,LTE_PHY_PUSCH_Tx_Report,351,14,-,5
2024-08-09 11:30:22.263080,LTE_PHY_PUCCH_Tx_Report,351,-,60,5
2024-08-09 11:30:22.273078,LTE_PHY_PUSCH_Tx_Report,351,14,-,4
2024-08-09 11:30:22.273078,LTE_PHY_PUCCH_Tx_Report,351,-,59,6
2024-08-09 11:30:22.283080,LTE_PHY_PUSCH_Tx_Report,351,16,-,4
2024-08-09 11:30:22.283080,LTE_PHY_PUCCH_Tx_Report,351,-,59,6
2024-08-09 11:30:22.293098,LTE_PHY_PUSCH_Tx_Report,351,13,-,3
2024-08-09 11:30:22.293098,LTE_PHY_PUCCH_Tx_Report,351,-,61,7
2024-08-09 11:30:22.303082,LTE_PHY_PUSCH_Tx_Report,351,14,-,4
2024-08-09 11:30:22.303082,LTE_PHY_PUCCH_Tx_Report,351,-,59,6
2024-08-09 11:30:22.313083,LTE_PHY_PUSCH_Tx_Report,351,12,-,5
2024-08-09 11:30:22.313083,LTE_PHY_PUCCH_Tx_Report,351,-,60,5
2024-08-09 11:30:22.322803,LTE_PHY_PUSCH_Tx_Report,351,12,-,3
2024-08-09 11:30:22.322803,LTE_PHY_PUCCH_Tx_Report,351,-,60,6
2024-08-09 11:30:22.333079,LTE_PHY_PUSCH_Tx_Report,351,14,-,5
2024-08-09 11:30:22.333079,LTE_PHY_PUCCH_Tx_Report,351,-,60,5
2024-08-09 11:30:22.343079,LTE_PHY_PUSCH_Tx_Report,351,12,-,4
2024-08-09 11:30:22.343079,LTE_PHY_PUCCH_Tx_Report,351,-,61,6
2024-08-09 11:30:22.353082,LTE_PHY_PUSCH_Tx_Report,351,14,-,4
2024-08-09 11:30:22.353082,LTE_PHY_PUCCH_Tx_Report,351,-,60,6
2024-08-09 11:30:22.362970,LTE_PHY_PUSCH_Tx_Report,351,14,-,4
2024-08-09 11:30:22.362970,LTE_PHY_PUCCH_Tx_Report,351,-,60,6
2024-08-09 11:30:22.373085,LTE_PHY_PUSCH_Tx_Report,351,15,-,4
2024-08-09 11:30:22.373085,LTE_PHY_PUCCH_Tx_Report,351,-,61,6
2024-08-09 11:30:22.383074,LTE_PHY_PUSCH_Tx_Report,351,14,-,5
2024-08-09 11:30:22.383074,LTE_PHY_PUCCH_Tx_Report,351,-,61,5
2024-08-09 11:30:22.393083,LTE_PHY_PUSCH_Tx_Report,351,16,-,3
2024-08-09 11:30:22.393083,LTE_PHY_PUCCH_Tx_Report,351,-,61,7
2024-08-09 11:30:22.403075,LTE_PHY_PUSCH_Tx_Report,351,14,-,5
2024-08-09 11:30:22.403075,LTE_PHY_PUCCH_Tx_Report,351,-,61,5
2024-08-09 11:30:22.413081,LTE_PHY_PUSCH_Tx_Report,351,14,-,4
2024-08-09 11:30:22.413081,LTE_PHY_PUCCH_Tx_Report,351,-,60,6
2024-08-09 11:30:22.422959,LTE_PHY_PUSCH_Tx_Report,351,13,-,6
2024-08-09 11:30:22.422959,LTE_PHY_PUCCH_Tx_Report,351,-,60,4
2024-08-09 11:30:22.433075,LTE_PHY_PUSCH_Tx_Report,351,14,-,6
2024-08-09 11:30:22.433075,LTE_PHY_PUCCH_Tx_Report,351,-,60,4
2024-08-09 11:30:22.443078,LTE_PHY_PUSCH_Tx_Report,351,13,-,4
2024-08-09 11:30:22.443078,LTE_PHY_PUCCH_Tx_Report,351,-,60,6
2024-08-09 11:30:22.453077,LTE_PHY_PUSCH_Tx_Report,351,13,-,5
2024-08-09 11:30:22.453077,LTE_PHY_PUCCH_Tx_Report,351,-,59,5
2024-08-09 11:30:22.463077,LTE_PHY_PUSCH_Tx_Report,351,12,-,4
2024-08-09 11:30:22.463077,LTE_PHY_PUCCH_Tx_Report,351,-,61,6
2024-08-09 11:30:22.473078,LTE_PHY_PUSCH_Tx_Report,351,12,-,5
2024-08-09 11:30:22.473078,LTE_PHY_PUCCH_Tx_Report,351,-,60,4
2024-08-09 11:30:22.483078,LTE_PHY_PUSCH_Tx_Report,351,14,-,4
2024-08-09 11:30:22.483078,LTE_PHY_PUCCH_Tx_Report,351,-,58,6
2024-08-09 11:30:22.493074,LTE_PHY_PUSCH_Tx_Report,351,10,-,5
2024-08-09 11:30:22.493074,LTE_PHY_PUCCH_Tx_Report,351,-,57,5
2024-08-09 11:30:22.503092,LTE_PHY_PUSCH_Tx_Report,351,11,-,5
2024-08-09 11:30:22.503092,LTE_PHY_PUCCH_Tx_Report,351,-,57,5
2024-08-09 11:30:22.513076,LTE_PHY_PUSCH_Tx_Report,351,12,-,7
2024-08-09 11:30:22.513076,LTE_PHY_PUCCH_Tx_Report,351,-,60,3
2024-08-09 11:30:22.523080,LTE_PHY_PUSCH_Tx_Report,351,11,-,5
2024-08-09 11:30:22.523080,LTE_PHY_PUCCH_Tx_Report,351,-,59,5
2024-08-09 11:30:22.533079,LTE_PHY_PUSCH_Tx_Report,351,11,-,4
2024-08-09 11:30:22.533079,LTE_PHY_PUCCH_Tx_Report,351,-,59,6
2024-08-09 11:30:22.543091,LTE_PHY_PUSCH_Tx_Report,351,11,-,5
2024-08-09 11:30:22.543091,LTE_PHY_PUCCH_Tx_Report,351,-,58,5
2024-08-09 11:30:22.553074,LTE_PHY_PUSCH_Tx_Report,351,10,-,3
2024-08-09 11:30:22.553074,LTE_PHY_PUCCH_Tx_Report,351,-,59,5
2024-08-09 11:30:22.563078,LTE_PHY_PUSCH_Tx_Report,351,14,-,3
2024-08-09 11:30:22.563078,LTE_PHY_PUCCH_Tx_Report,351,-,59,7
2024-08-09 11:30:22.573078,LTE_PHY_PUSCH_Tx_Report,351,14,-,5
2024-08-09 11:30:22.573078,LTE_PHY_PUCCH_Tx_Report,351,-,59,5
2024-08-09 11:30:22.583078,LTE_PHY_PUSCH_Tx_Report,351,12,-,4
2024-08-09 11:30:22.583078,LTE_PHY_PUCCH_Tx_Report,351,-,59,6
2024-08-09 11:30:22.593077,LTE_PHY_PUSCH_Tx_Report,351,12,-,4
2024-08-09 11:30:22.593077,LTE_PHY_PUCCH_Tx_Report,351,-,58,6
2024-08-09 11:30:22.603077,LTE_PHY_PUSCH_Tx_Report,351,11,-,4
2024-08-09 11:30:22.603077,LTE_PHY_PUCCH_Tx_Report,351,-,59,6
2024-08-09 11:30:22.613075,LTE_PHY_PUSCH_Tx_Report,351,14,-,5
2024-08-09 11:30:22.613075,LTE_PHY_PUCCH_Tx_Report,351,-,60,5
2024-08-09 11:30:22.623082,LTE_PHY_PUSCH_Tx_Report,351,12,-,4
2024-08-09 11:30:22.623082,LTE_PHY_PUCCH_Tx_Report,351,-,59,6
2024-08-09 11:30:22.633076,LTE_PHY_PUSCH_Tx_Report,351,11,-,5
2024-08-09 11:30:22.633076,LTE_PHY_PUCCH_Tx_Report,351,-,58,5
2024-08-09 11:30:22.643100,LTE_PHY_PUSCH_Tx_Report,351,12,-,5
2024-08-09 11:30:22.643100,LTE_PHY_PUCCH_Tx_Report,351,-,59,5
2024-08-09 11:30:22.652971,LTE_PHY_PUSCH_Tx_Report,351,12,-,5
2024-08-09 11:30:22.652971,LTE_PHY_PUCCH_Tx_Report,351,-,58,5
2024-08-09 11:30:22.663078,LTE_PHY_PUSCH_Tx_Report,351,11,-,5
2024-08-09 11:30:22.663078,LTE_PHY_PUCCH_Tx_Report,351,-,59,5
2024-08-09 11:30:22.673075,LTE_PHY_PUSCH_Tx_Report,351,12,-,4
2024-08-09 11:30:22.673075,LTE_PHY_PUCCH_Tx_Report,351,-,58,6
2024-08-09 11:30:22.683077,LTE_PHY_PUSCH_Tx_Report,351,12,-,2
2024-08-09 11:30:22.683077,LTE_PHY_PUCCH_Tx_Report,351,-,58,8
2024-08-09 11:30:22.693073,LTE_PHY_PUSCH_Tx_Report,351,13,-,5
2024-08-09 11:30:22.693073,LTE_PHY_PUCCH_Tx_Report,351,-,59,5
2024-08-09 11:30:22.703081,LTE_PHY_PUSCH_Tx_Report,351,11,-,4
2024-08-09 11:30:22.703081,LTE_PHY_PUCCH_Tx_Report,351,-,58,6
2024-08-09 11:30:22.713078,LTE_PHY_PUSCH_Tx_Report,351,12,-,5
2024-08-09 11:30:22.713078,LTE_PHY_PUCCH_Tx_Report,351,-,58,5
2024-08-09 11:30:22.723082,LTE_PHY_PUSCH_Tx_Report,351,10,-,4
2024-08-09 11:30:22.723082,LTE_PHY_PUCCH_Tx_Report,351,-,58,6
2024-08-09 11:30:22.733072,LTE_PHY_PUSCH_Tx_Report,351,14,-,5
2024-08-09 11:30:22.733072,LTE_PHY_PUCCH_Tx_Report,351,-,57,5
2024-08-09 11:30:22.743074,LTE_PHY_PUSCH_Tx_Report,351,11,-,5
2024-08-09 11:30:22.743074,LTE_PHY_PUCCH_Tx_Report,351,-,57,5
2024-08-09 11:30:22.753092,LTE_PHY_PUSCH_Tx_Report,351,10,-,4
2024-08-09 11:30:22.753092,LTE_PHY_PUCCH_Tx_Report,351,-,57,6
2024-08-09 11:30:22.763078,LTE_PHY_PUSCH_Tx_Report,351,14,-,3
2024-08-09 11:30:22.763078,LTE_PHY_PUCCH_Tx_Report,351,-,57,7
2024-08-09 11:30:22.773078,LTE_PHY_PUSCH_Tx_Report,351,13,-,4
2024-08-09 11:30:22.773078,LTE_PHY_PUCCH_Tx_Report,351,-,58,6
2024-08-09 11:30:22.783075,LTE_PHY_PUSCH_Tx_Report,351,12,-,4
2024-08-09 11:30:22.783075,LTE_PHY_PUCCH_Tx_Report,351,-,58,6
2024-08-09 11:30:22.793078,LTE_PHY_PUSCH_Tx_Report,351,15,-,5
2024-08-09 11:30:22.793078,LTE_PHY_PUCCH_Tx_Report,351,-,58,5
2024-08-09 11:30:22.802937,LTE_PHY_PUSCH_Tx_Report,351,12,-,4
2024-08-09 11:30:22.802937,LTE_PHY_PUCCH_Tx_Report,351,-,58,6
2024-08-09 11:30:22.813078,LTE_PHY_PUSCH_Tx_Report,351,11,-,4
2024-08-09 11:30:22.813078,LTE_PHY_PUCCH_Tx_Report,351,-,58,6
2024-08-09 11:30:22.823078,LTE_PHY_PUSCH_Tx_Report,351,14,-,5
2024-08-09 11:30:22.823078,LTE_PHY_PUCCH_Tx_Report,351,-,58,5
2024-08-09 11:30:22.833077,LTE_PHY_PUSCH_Tx_Report,351,11,-,4
2024-08-09 11:30:22.833077,LTE_PHY_PUCCH_Tx_Report,351,-,58,6
2024-08-09 11:30:22.843082,LTE_PHY_PUSCH_Tx_Report,351,12,-,4
2024-08-09 11:30:22.843082,LTE_PHY_PUCCH_Tx_Report,351,-,58,6
2024-08-09 11:30:22.853078,LTE_PHY_PUSCH_Tx_Report,351,13,-,5
2024-08-09 11:30:22.853078,LTE_PHY_PUCCH_Tx_Report,351,-,58,5
2024-08-09 11:30:22.862997,LTE_PHY_PUSCH_Tx_Report,351,12,-,4
2024-08-09 11:30:22.862997,LTE_PHY_PUCCH_Tx_Report,351,-,58,6
2024-08-09 11:30:22.873105,LTE_PHY_PUSCH_Tx_Report,351,11,-,3
2024-08-09 11:30:22.873105,LTE_PHY_PUCCH_Tx_Report,351,-,58,7
2024-08-09 11:30:22.883104,LTE_PHY_PUSCH_Tx_Report,351,11,-,3
2024-08-09 11:30:22.883104,LTE_PHY_PUCCH_Tx_Report,351,-,58,7
2024-08-09 11:30:22.893084,LTE_PHY_PUSCH_Tx_Report,351,11,-,4
2024-08-09 11:30:22.893084,LTE_PHY_PUCCH_Tx_Report,351,-,59,5
2024-08-09 11:30:22.903082,LTE_PHY_PUSCH_Tx_Report,351,11,-,6
2024-08-09 11:30:22.903082,LTE_PHY_PUCCH_Tx_Report,351,-,58,4
