timestamp,type_id,rank_index,wideband_cqi_cw0,wideband_cqi_cw1,single_wb_pmi,single_mb_pmi,carrier_index
2024-08-09 11:30:19.784142,LTE_PHY_PUSCH_CSF,Rank 1,10,0,2,0,PCC
2024-08-09 11:30:19.784142,LTE_PHY_PUSCH_CSF,Rank 1,11,0,0,0,SCC-2
2024-08-09 11:30:19.794142,LTE_PHY_PUSCH_CSF,Rank 1,10,0,1,0,PCC
2024-08-09 11:30:19.794142,LTE_PHY_PUSCH_CSF,Rank 1,11,0,0,0,SCC-2
2024-08-09 11:30:19.804141,LTE_PHY_PUSCH_CSF,Rank 1,12,0,3,0,PCC
2024-08-09 11:30:19.804141,LTE_PHY_PUSCH_CSF,Rank 1,11,0,2,0,SCC-2
2024-08-09 11:30:19.814141,LTE_PHY_PUSCH_CSF,Rank 1,12,0,3,0,PCC
2024-08-09 11:30:19.814141,LTE_PHY_PUSCH_CSF,Rank 2,8,7,0,0,SCC-2
2024-08-09 11:30:19.824147,LTE_PHY_PUSCH_CSF,Rank 2,9,7,0,0,PCC
2024-08-09 11:30:19.824147,LTE_PHY_PUSCH_CSF,Rank 2,8,8,0,0,SCC-2
2024-08-09 11:30:19.834030,LTE_PHY_PUSCH_CSF,Rank 2,9,8,0,0,PCC
2024-08-09 11:30:19.834030,LTE_PHY_PUSCH_CSF,Rank 2,9,9,0,0,SCC-2
2024-08-09 11:30:19.844145,LTE_PHY_PUSCH_CSF,Rank 2,8,8,0,0,PCC
2024-08-09 11:30:19.844145,LTE_PHY_PUSCH_CSF,Rank 2,9,10,0,0,SCC-2
2024-08-09 11:30:19.854141,LTE_PHY_PUSCH_CSF,Rank 1,9,0,1,0,PCC
2024-08-09 11:30:19.854141,LTE_PHY_PUSCH_CSF,Rank 1,11,0,2,0,SCC-2
2024-08-09 11:30:19.864144,LTE_PHY_PUSCH_CSF,Rank 2,5,7,0,0,PCC
2024-08-09 11:30:19.864144,LTE_PHY_PUSCH_CSF,Rank 1,12,0,2,0,SCC-2
2024-08-09 11:30:19.874145,LTE_PHY_PUSCH_CSF,Rank 2,7,8,1,0,PCC
2024-08-09 11:30:19.874145,LTE_PHY_PUSCH_CSF,Rank 1,12,0,2,0,SCC-2
2024-08-09 11:30:19.884144,LTE_PHY_PUSCH_CSF,Rank 2,8,7,0,0,PCC
2024-08-09 11:30:19.884144,LTE_PHY_PUSCH_CSF,Rank 1,12,0,2,0,SCC-2
2024-08-09 11:30:19.894143,LTE_PHY_PUSCH_CSF,Rank 2,9,7,0,0,PCC
2024-08-09 11:30:19.894143,LTE_PHY_PUSCH_CSF,Rank 1,12,0,2,0,SCC-2
2024-08-09 11:30:19.904166,LTE_PHY_PUSCH_CSF,Rank 1,12,0,0,0,PCC
2024-08-09 11:30:19.904166,LTE_PHY_PUSCH_CSF,Rank 2,7,8,0,0,SCC-2
2024-08-09 11:30:19.914141,LTE_PHY_PUSCH_CSF,Rank 1,12,0,0,0,PCC
2024-08-09 11:30:19.914141,LTE_PHY_PUSCH_CSF,Rank 2,8,9,0,0,SCC-2
2024-08-09 11:30:19.924141,LTE_PHY_PUSCH_CSF,Rank 1,13,0,0,0,PCC
2024-08-09 11:30:19.924141,LTE_PHY_PUSCH_CSF,Rank 1,11,0,2,0,SCC-2
2024-08-09 11:30:19.934144,LTE_PHY_PUSCH_CSF,Rank 2,8,6,0,0,PCC
2024-08-09 11:30:19.934144,LTE_PHY_PUSCH_CSF,Rank 1,10,0,2,0,SCC-2
2024-08-09 11:30:19.944144,LTE_PHY_PUSCH_CSF,Rank 2,8,6,0,0,PCC
2024-08-09 11:30:19.944144,LTE_PHY_PUSCH_CSF,Rank 1,11,0,2,0,SCC-2
2024-08-09 11:30:19.954141,LTE_PHY_PUSCH_CSF,Rank 1,9,0,0,0,PCC
2024-08-09 11:30:19.954141,LTE_PHY_PUSCH_CSF,Rank 1,11,0,2,0,SCC-2
2024-08-09 11:30:19.964013,LTE_PHY_PUSCH_CSF,Rank 1,7,0,0,0,PCC
2024-08-09 11:30:19.964013,LTE_PHY_PUSCH_CSF,Rank 1,12,0,2,0,SCC-2
2024-08-09 11:30:19.974140,LTE_PHY_PUSCH_CSF,Rank 1,7,0,0,0,PCC
2024-08-09 11:30:19.974140,LTE_PHY_PUSCH_CSF,Rank 2,7,8,0,0,SCC-2
2024-08-09 11:30:19.984140,LTE_PHY_PUSCH_CSF,Rank 1,7,0,2,0,PCC
2024-08-09 11:30:19.984140,LTE_PHY_PUSCH_CSF,Rank 1,11,0,2,0,SCC-2
2024-08-09 11:30:19.994141,LTE_PHY_PUSCH_CSF,Rank 1,9,0,0,0,PCC
2024-08-09 11:30:19.994141,LTE_PHY_PUSCH_CSF,Rank 1,12,0,2,0,SCC-2
2024-08-09 11:30:20.004142,LTE_PHY_PUSCH_CSF,Rank 1,10,0,0,0,PCC
2024-08-09 11:30:20.004142,LTE_PHY_PUSCH_CSF,Rank 1,12,0,2,0,SCC-2
2024-08-09 11:30:20.036268,LTE_PHY_PUSCH_CSF,Rank 1,11,0,0,0,PCC
2024-08-09 11:30:20.036268,LTE_PHY_PUSCH_CSF,Rank 1,11,0,2,0,SCC-2
2024-08-09 11:30:20.059150,LTE_PHY_PUSCH_CSF,Rank 2,7,7,1,0,PCC
2024-08-09 11:30:20.085216,LTE_PHY_PUSCH_CSF,Rank 2,8,6,1,0,PCC
2024-08-09 11:30:20.096317,LTE_PHY_PUSCH_CSF,Rank 2,7,6,1,0,PCC
2024-08-09 11:30:20.115221,LTE_PHY_PUSCH_CSF,Rank 2,8,8,1,0,PCC
2024-08-09 11:30:20.139158,LTE_PHY_PUSCH_CSF,Rank 2,9,9,1,0,PCC
2024-08-09 11:30:20.165214,LTE_PHY_PUSCH_CSF,Rank 2,8,8,1,0,PCC
2024-08-09 11:30:20.175211,LTE_PHY_PUSCH_CSF,Rank 1,13,0,0,0,PCC
2024-08-09 11:30:20.200212,LTE_PHY_PUSCH_CSF,Rank 1,12,0,0,0,PCC
2024-08-09 11:30:20.230217,LTE_PHY_PUSCH_CSF,Rank 1,11,0,0,0,PCC
2024-08-09 11:30:20.243080,LTE_PHY_PUSCH_CSF,Rank 1,10,0,2,0,PCC
2024-08-09 11:30:20.253082,LTE_PHY_PUSCH_CSF,Rank 1,9,0,2,0,PCC
2024-08-09 11:30:20.263082,LTE_PHY_PUSCH_CSF,Rank 1,9,0,0,0,PCC
2024-08-09 11:30:20.273082,LTE_PHY_PUSCH_CSF,Rank 1,10,0,2,0,PCC
2024-08-09 11:30:20.273082,LTE_PHY_PUSCH_CSF,Rank 1,7,0,2,0,SCC-2
2024-08-09 11:30:20.283082,LTE_PHY_PUSCH_CSF,Rank 1,10,0,0,0,PCC
2024-08-09 11:30:20.283082,LTE_PHY_PUSCH_CSF,Rank 1,7,0,2,0,SCC-2
2024-08-09 11:30:20.293080,LTE_PHY_PUSCH_CSF,Rank 1,11,0,0,0,PCC
2024-08-09 11:30:20.293080,LTE_PHY_PUSCH_CSF,Rank 1,8,0,2,0,SCC-2
2024-08-09 11:30:20.303116,LTE_PHY_PUSCH_CSF,Rank 1,11,0,0,0,PCC
2024-08-09 11:30:20.303116,LTE_PHY_PUSCH_CSF,Rank 1,9,0,2,0,SCC-2
2024-08-09 11:30:20.313085,LTE_PHY_PUSCH_CSF,Rank 1,11,0,0,0,PCC
2024-08-09 11:30:20.313085,LTE_PHY_PUSCH_CSF,Rank 1,9,0,2,0,SCC-2
2024-08-09 11:30:20.323084,LTE_PHY_PUSCH_CSF,Rank 1,11,0,0,0,PCC
2024-08-09 11:30:20.323084,LTE_PHY_PUSCH_CSF,Rank 1,10,0,2,0,SCC-2
2024-08-09 11:30:20.333079,LTE_PHY_PUSCH_CSF,Rank 1,12,0,0,0,PCC
2024-08-09 11:30:20.333079,LTE_PHY_PUSCH_CSF,Rank 1,8,0,2,0,SCC-2
2024-08-09 11:30:20.343077,LTE_PHY_PUSCH_CSF,Rank 1,10,0,0,0,PCC
2024-08-09 11:30:20.343077,LTE_PHY_PUSCH_CSF,Rank 1,9,0,2,0,SCC-2
2024-08-09 11:30:20.353078,LTE_PHY_PUSCH_CSF,Rank 1,11,0,0,0,PCC
2024-08-09 11:30:20.353078,LTE_PHY_PUSCH_CSF,Rank 1,9,0,2,0,SCC-2
2024-08-09 11:30:20.363078,LTE_PHY_PUSCH_CSF,Rank 1,10,0,0,0,PCC
2024-08-09 11:30:20.363078,LTE_PHY_PUSCH_CSF,Rank 1,9,0,2,0,SCC-2
2024-08-09 11:30:20.373083,LTE_PHY_PUSCH_CSF,Rank 1,10,0,0,0,PCC
2024-08-09 11:30:20.373083,LTE_PHY_PUSCH_CSF,Rank 1,9,0,2,0,SCC-2
2024-08-09 11:30:20.383078,LTE_PHY_PUSCH_CSF,Rank 1,10,0,0,0,PCC
2024-08-09 11:30:20.383078,LTE_PHY_PUSCH_CSF,Rank 1,9,0,2,0,SCC-2
2024-08-09 11:30:20.393085,LTE_PHY_PUSCH_CSF,Rank 1,11,0,0,0,PCC
2024-08-09 11:30:20.393085,LTE_PHY_PUSCH_CSF,Rank 1,9,0,2,0,SCC-2
2024-08-09 11:30:20.403082,LTE_PHY_PUSCH_CSF,Rank 1,12,0,0,0,PCC
2024-08-09 11:30:20.403082,LTE_PHY_PUSCH_CSF,Rank 1,9,0,2,0,SCC-2
2024-08-09 11:30:20.412954,LTE_PHY_PUSCH_CSF,Rank 1,12,0,0,0,PCC
2024-08-09 11:30:20.412954,LTE_PHY_PUSCH_CSF,Rank 1,3,0,2,0,SCC-2
2024-08-09 11:30:20.423078,LTE_PHY_PUSCH_CSF,Rank 1,12,0,0,0,PCC
2024-08-09 11:30:20.423078,LTE_PHY_PUSCH_CSF,Rank 1,3,0,2,0,SCC-2
2024-08-09 11:30:20.433088,LTE_PHY_PUSCH_CSF,Rank 1,12,0,0,0,PCC
2024-08-09 11:30:20.433088,LTE_PHY_PUSCH_CSF,Rank 1,3,0,2,0,SCC-2
2024-08-09 11:30:20.443079,LTE_PHY_PUSCH_CSF,Rank 1,12,0,0,0,PCC
2024-08-09 11:30:20.443079,LTE_PHY_PUSCH_CSF,Rank 1,5,0,2,0,SCC-2
2024-08-09 11:30:20.453079,LTE_PHY_PUSCH_CSF,Rank 1,13,0,0,0,PCC
2024-08-09 11:30:20.453079,LTE_PHY_PUSCH_CSF,Rank 1,6,0,2,0,SCC-2
2024-08-09 11:30:20.463083,LTE_PHY_PUSCH_CSF,Rank 2,8,6,0,0,PCC
2024-08-09 11:30:20.463083,LTE_PHY_PUSCH_CSF,Rank 1,7,0,2,0,SCC-2
2024-08-09 11:30:20.473083,LTE_PHY_PUSCH_CSF,Rank 2,8,7,0,0,PCC
2024-08-09 11:30:20.473083,LTE_PHY_PUSCH_CSF,Rank 1,8,0,2,0,SCC-2
2024-08-09 11:30:20.483082,LTE_PHY_PUSCH_CSF,Rank 2,8,6,0,0,PCC
2024-08-09 11:30:20.483082,LTE_PHY_PUSCH_CSF,Rank 1,9,0,2,0,SCC-2
2024-08-09 11:30:20.493077,LTE_PHY_PUSCH_CSF,Rank 1,10,0,0,0,PCC
2024-08-09 11:30:20.493077,LTE_PHY_PUSCH_CSF,Rank 1,8,0,2,0,SCC-2
2024-08-09 11:30:20.503105,LTE_PHY_PUSCH_CSF,Rank 1,11,0,0,0,PCC
2024-08-09 11:30:20.503105,LTE_PHY_PUSCH_CSF,Rank 1,9,0,2,0,SCC-2
2024-08-09 11:30:20.513083,LTE_PHY_PUSCH_CSF,Rank 2,8,6,0,0,PCC
2024-08-09 11:30:20.513083,LTE_PHY_PUSCH_CSF,Rank 1,9,0,2,0,SCC-2
2024-08-09 11:30:20.523085,LTE_PHY_PUSCH_CSF,Rank 2,8,6,0,0,PCC
2024-08-09 11:30:20.523085,LTE_PHY_PUSCH_CSF,Rank 1,8,0,2,0,SCC-2
2024-08-09 11:30:20.533082,LTE_PHY_PUSCH_CSF,Rank 2,8,7,0,0,PCC
2024-08-09 11:30:20.533082,LTE_PHY_PUSCH_CSF,Rank 1,8,0,2,0,SCC-2
2024-08-09 11:30:20.543081,LTE_PHY_PUSCH_CSF,Rank 2,7,8,1,0,PCC
2024-08-09 11:30:20.543081,LTE_PHY_PUSCH_CSF,Rank 1,8,0,2,0,SCC-2
2024-08-09 11:30:20.553082,LTE_PHY_PUSCH_CSF,Rank 2,7,8,1,0,PCC
2024-08-09 11:30:20.553082,LTE_PHY_PUSCH_CSF,Rank 1,8,0,2,0,SCC-2
2024-08-09 11:30:20.563081,LTE_PHY_PUSCH_CSF,Rank 2,7,7,1,0,PCC
2024-08-09 11:30:20.563081,LTE_PHY_PUSCH_CSF,Rank 1,8,0,2,0,SCC-2
2024-08-09 11:30:20.572962,LTE_PHY_PUSCH_CSF,Rank 2,7,6,0,0,PCC
2024-08-09 11:30:20.572962,LTE_PHY_PUSCH_CSF,Rank 1,8,0,2,0,SCC-2
2024-08-09 11:30:20.583078,LTE_PHY_PUSCH_CSF,Rank 1,11,0,0,0,PCC
2024-08-09 11:30:20.583078,LTE_PHY_PUSCH_CSF,Rank 1,8,0,2,0,SCC-2
2024-08-09 11:30:20.593077,LTE_PHY_PUSCH_CSF,Rank 1,11,0,0,0,PCC
2024-08-09 11:30:20.593077,LTE_PHY_PUSCH_CSF,Rank 1,8,0,2,0,SCC-2
2024-08-09 11:30:20.603103,LTE_PHY_PUSCH_CSF,Rank 1,12,0,0,0,PCC
2024-08-09 11:30:20.603103,LTE_PHY_PUSCH_CSF,Rank 1,8,0,2,0,SCC-2
2024-08-09 11:30:20.613085,LTE_PHY_PUSCH_CSF,Rank 1,12,0,0,0,PCC
2024-08-09 11:30:20.613085,LTE_PHY_PUSCH_CSF,Rank 1,8,0,2,0,SCC-2
2024-08-09 11:30:20.623083,LTE_PHY_PUSCH_CSF,Rank 1,13,0,0,0,PCC
2024-08-09 11:30:20.623083,LTE_PHY_PUSCH_CSF,Rank 1,8,0,2,0,SCC-2
2024-08-09 11:30:20.633084,LTE_PHY_PUSCH_CSF,Rank 1,12,0,0,0,PCC
2024-08-09 11:30:20.633084,LTE_PHY_PUSCH_CSF,Rank 1,8,0,2,0,SCC-2
2024-08-09 11:30:20.643097,LTE_PHY_PUSCH_CSF,Rank 2,7,9,1,0,PCC
2024-08-09 11:30:20.643097,LTE_PHY_PUSCH_CSF,Rank 1,8,0,2,0,SCC-2
2024-08-09 11:30:20.653092,LTE_PHY_PUSCH_CSF,Rank 1,10,0,0,0,PCC
2024-08-09 11:30:20.653092,LTE_PHY_PUSCH_CSF,Rank 1,7,0,2,0,SCC-2
2024-08-09 11:30:20.663085,LTE_PHY_PUSCH_CSF,Rank 1,10,0,0,0,PCC
2024-08-09 11:30:20.663085,LTE_PHY_PUSCH_CSF,Rank 1,8,0,2,0,SCC-2
2024-08-09 11:30:20.673093,LTE_PHY_PUSCH_CSF,Rank 1,10,0,3,0,PCC
2024-08-09 11:30:20.673093,LTE_PHY_PUSCH_CSF,Rank 1,8,0,2,0,SCC-2
2024-08-09 11:30:20.682894,LTE_PHY_PUSCH_CSF,Rank 1,10,0,3,0,PCC
2024-08-09 11:30:20.682894,LTE_PHY_PUSCH_CSF,Rank 1,8,0,2,0,SCC-2
2024-08-09 11:30:20.693086,LTE_PHY_PUSCH_CSF,Rank 1,10,0,3,0,PCC
2024-08-09 11:30:20.693086,LTE_PHY_PUSCH_CSF,Rank 1,9,0,0,0,SCC-2
2024-08-09 11:30:20.703110,LTE_PHY_PUSCH_CSF,Rank 2,6,8,1,0,PCC
2024-08-09 11:30:20.703110,LTE_PHY_PUSCH_CSF,Rank 1,9,0,0,0,SCC-2
2024-08-09 11:30:20.713092,LTE_PHY_PUSCH_CSF,Rank 2,7,9,1,0,PCC
2024-08-09 11:30:20.713092,LTE_PHY_PUSCH_CSF,Rank 1,9,0,0,0,SCC-2
2024-08-09 11:30:20.722884,LTE_PHY_PUSCH_CSF,Rank 2,8,10,1,0,PCC
2024-08-09 11:30:20.722884,LTE_PHY_PUSCH_CSF,Rank 1,9,0,0,0,SCC-2
2024-08-09 11:30:20.732967,LTE_PHY_PUSCH_CSF,Rank 2,7,9,1,0,PCC
2024-08-09 11:30:20.732967,LTE_PHY_PUSCH_CSF,Rank 1,8,0,0,0,SCC-2
2024-08-09 11:30:20.743100,LTE_PHY_PUSCH_CSF,Rank 2,7,9,1,0,PCC
2024-08-09 11:30:20.743100,LTE_PHY_PUSCH_CSF,Rank 1,9,0,2,0,SCC-2
2024-08-09 11:30:20.752963,LTE_PHY_PUSCH_CSF,Rank 1,8,0,3,0,PCC
2024-08-09 11:30:20.752963,LTE_PHY_PUSCH_CSF,Rank 1,9,0,2,0,SCC-2
2024-08-09 11:30:20.763083,LTE_PHY_PUSCH_CSF,Rank 1,7,0,3,0,PCC
2024-08-09 11:30:20.763083,LTE_PHY_PUSCH_CSF,Rank 1,9,0,0,0,SCC-2
2024-08-09 11:30:20.773083,LTE_PHY_PUSCH_CSF,Rank 1,8,0,3,0,PCC
2024-08-09 11:30:20.773083,LTE_PHY_PUSCH_CSF,Rank 1,10,0,0,0,SCC-2
2024-08-09 11:30:20.783083,LTE_PHY_PUSCH_CSF,Rank 1,7,0,3,0,PCC
2024-08-09 11:30:20.783083,LTE_PHY_PUSCH_CSF,Rank 1,9,0,2,0,SCC-2
2024-08-09 11:30:20.793084,LTE_PHY_PUSCH_CSF,Rank 1,7,0,3,0,PCC
2024-08-09 11:30:20.793084,LTE_PHY_PUSCH_CSF,Rank 1,8,0,0,0,SCC-2
2024-08-09 11:30:20.803111,LTE_PHY_PUSCH_CSF,Rank 1,7,0,3,0,PCC
2024-08-09 11:30:20.803111,LTE_PHY_PUSCH_CSF,Rank 1,8,0,2,0,SCC-2
2024-08-09 11:30:20.813085,LTE_PHY_PUSCH_CSF,Rank 1,7,0,3,0,PCC
2024-08-09 11:30:20.813085,LTE_PHY_PUSCH_CSF,Rank 1,9,0,2,0,SCC-2
2024-08-09 11:30:20.823090,LTE_PHY_PUSCH_CSF,Rank 1,7,0,3,0,PCC
2024-08-09 11:30:20.823090,LTE_PHY_PUSCH_CSF,Rank 1,9,0,0,0,SCC-2
2024-08-09 11:30:20.833098,LTE_PHY_PUSCH_CSF,Rank 1,9,0,3,0,PCC
2024-08-09 11:30:20.833098,LTE_PHY_PUSCH_CSF,Rank 1,9,0,0,0,SCC-2
2024-08-09 11:30:20.842951,LTE_PHY_PUSCH_CSF,Rank 1,7,0,3,0,PCC
2024-08-09 11:30:20.842951,LTE_PHY_PUSCH_CSF,Rank 1,9,0,0,0,SCC-2
2024-08-09 11:30:20.863083,LTE_PHY_PUSCH_CSF,Rank 1,8,0,3,0,PCC
2024-08-09 11:30:20.863083,LTE_PHY_PUSCH_CSF,Rank 1,9,0,2,0,SCC-2
2024-08-09 11:30:20.873082,LTE_PHY_PUSCH_CSF,Rank 1,7,0,3,0,PCC
2024-08-09 11:30:20.873082,LTE_PHY_PUSCH_CSF,Rank 1,8,0,2,0,SCC-2
2024-08-09 11:30:20.882961,LTE_PHY_PUSCH_CSF,Rank 1,6,0,3,0,PCC
2024-08-09 11:30:20.882961,LTE_PHY_PUSCH_CSF,Rank 1,8,0,2,0,SCC-2
2024-08-09 11:30:20.893079,LTE_PHY_PUSCH_CSF,Rank 1,7,0,3,0,PCC
2024-08-09 11:30:20.893079,LTE_PHY_PUSCH_CSF,Rank 1,8,0,2,0,SCC-2
2024-08-09 11:30:20.903108,LTE_PHY_PUSCH_CSF,Rank 1,7,0,3,0,PCC
2024-08-09 11:30:20.903108,LTE_PHY_PUSCH_CSF,Rank 1,8,0,2,0,SCC-2
2024-08-09 11:30:20.913089,LTE_PHY_PUSCH_CSF,Rank 1,9,0,3,0,PCC
2024-08-09 11:30:20.913089,LTE_PHY_PUSCH_CSF,Rank 1,8,0,0,0,SCC-2
2024-08-09 11:30:20.923083,LTE_PHY_PUSCH_CSF,Rank 1,7,0,3,0,PCC
2024-08-09 11:30:20.923083,LTE_PHY_PUSCH_CSF,Rank 1,8,0,2,0,SCC-2
2024-08-09 11:30:20.933082,LTE_PHY_PUSCH_CSF,Rank 1,9,0,3,0,PCC
2024-08-09 11:30:20.933082,LTE_PHY_PUSCH_CSF,Rank 1,8,0,2,0,SCC-2
2024-08-09 11:30:20.943084,LTE_PHY_PUSCH_CSF,Rank 1,8,0,3,0,PCC
2024-08-09 11:30:20.943084,LTE_PHY_PUSCH_CSF,Rank 1,8,0,2,0,SCC-2
2024-08-09 11:30:20.953089,LTE_PHY_PUSCH_CSF,Rank 1,9,0,0,0,PCC
2024-08-09 11:30:20.953089,LTE_PHY_PUSCH_CSF,Rank 1,8,0,2,0,SCC-2
2024-08-09 11:30:20.963089,LTE_PHY_PUSCH_CSF,Rank 2,7,5,0,0,PCC
2024-08-09 11:30:20.963089,LTE_PHY_PUSCH_CSF,Rank 1,9,0,0,0,SCC-2
2024-08-09 11:30:20.973086,LTE_PHY_PUSCH_CSF,Rank 2,7,5,0,0,PCC
2024-08-09 11:30:20.973086,LTE_PHY_PUSCH_CSF,Rank 1,9,0,0,0,SCC-2
2024-08-09 11:30:20.983090,LTE_PHY_PUSCH_CSF,Rank 2,7,5,0,0,PCC
2024-08-09 11:30:20.983090,LTE_PHY_PUSCH_CSF,Rank 1,8,0,0,0,SCC-2
2024-08-09 11:30:20.993097,LTE_PHY_PUSCH_CSF,Rank 2,8,5,0,0,PCC
2024-08-09 11:30:20.993097,LTE_PHY_PUSCH_CSF,Rank 1,9,0,2,0,SCC-2
2024-08-09 11:30:21.003108,LTE_PHY_PUSCH_CSF,Rank 2,8,6,0,0,PCC
2024-08-09 11:30:21.003108,LTE_PHY_PUSCH_CSF,Rank 1,9,0,2,0,SCC-2
2024-08-09 11:30:21.012962,LTE_PHY_PUSCH_CSF,Rank 2,8,6,0,0,PCC
2024-08-09 11:30:21.012962,LTE_PHY_PUSCH_CSF,Rank 1,9,0,2,0,SCC-2
2024-08-09 11:30:21.022895,LTE_PHY_PUSCH_CSF,Rank 2,8,6,0,0,PCC
2024-08-09 11:30:21.022895,LTE_PHY_PUSCH_CSF,Rank 1,9,0,2,0,SCC-2
2024-08-09 11:30:21.033086,LTE_PHY_PUSCH_CSF,Rank 2,7,5,0,0,PCC
2024-08-09 11:30:21.033086,LTE_PHY_PUSCH_CSF,Rank 1,9,0,2,0,SCC-2
2024-08-09 11:30:21.043084,LTE_PHY_PUSCH_CSF,Rank 2,7,5,0,0,PCC
2024-08-09 11:30:21.043084,LTE_PHY_PUSCH_CSF,Rank 1,8,0,2,0,SCC-2
2024-08-09 11:30:21.053088,LTE_PHY_PUSCH_CSF,Rank 2,7,5,0,0,PCC
2024-08-09 11:30:21.053088,LTE_PHY_PUSCH_CSF,Rank 1,8,0,2,0,SCC-2
2024-08-09 11:30:21.063083,LTE_PHY_PUSCH_CSF,Rank 2,7,6,0,0,PCC
2024-08-09 11:30:21.063083,LTE_PHY_PUSCH_CSF,Rank 1,8,0,0,0,SCC-2
2024-08-09 11:30:21.073086,LTE_PHY_PUSCH_CSF,Rank 2,7,6,0,0,PCC
2024-08-09 11:30:21.073086,LTE_PHY_PUSCH_CSF,Rank 1,9,0,0,0,SCC-2
2024-08-09 11:30:21.083089,LTE_PHY_PUSCH_CSF,Rank 2,8,7,0,0,PCC
2024-08-09 11:30:21.083089,LTE_PHY_PUSCH_CSF,Rank 1,8,0,0,0,SCC-2
2024-08-09 11:30:21.093086,LTE_PHY_PUSCH_CSF,Rank 2,7,6,0,0,PCC
2024-08-09 11:30:21.093086,LTE_PHY_PUSCH_CSF,Rank 1,9,0,0,0,SCC-2
2024-08-09 11:30:21.103109,LTE_PHY_PUSCH_CSF,Rank 2,7,6,0,0,PCC
2024-08-09 11:30:21.103109,LTE_PHY_PUSCH_CSF,Rank 1,9,0,0,0,SCC-2
2024-08-09 11:30:21.113087,LTE_PHY_PUSCH_CSF,Rank 2,7,7,1,0,PCC
2024-08-09 11:30:21.113087,LTE_PHY_PUSCH_CSF,Rank 1,9,0,0,0,SCC-2
2024-08-09 11:30:21.123089,LTE_PHY_PUSCH_CSF,Rank 2,8,7,0,0,PCC
2024-08-09 11:30:21.123089,LTE_PHY_PUSCH_CSF,Rank 1,8,0,2,0,SCC-2
2024-08-09 11:30:21.133082,LTE_PHY_PUSCH_CSF,Rank 2,8,6,0,0,PCC
2024-08-09 11:30:21.133082,LTE_PHY_PUSCH_CSF,Rank 1,8,0,2,0,SCC-2
2024-08-09 11:30:21.143090,LTE_PHY_PUSCH_CSF,Rank 2,8,6,0,0,PCC
2024-08-09 11:30:21.143090,LTE_PHY_PUSCH_CSF,Rank 1,8,0,2,0,SCC-2
2024-08-09 11:30:21.153085,LTE_PHY_PUSCH_CSF,Rank 2,8,7,0,0,PCC
2024-08-09 11:30:21.153085,LTE_PHY_PUSCH_CSF,Rank 1,8,0,2,0,SCC-2
2024-08-09 11:30:21.163094,LTE_PHY_PUSCH_CSF,Rank 2,8,6,0,0,PCC
2024-08-09 11:30:21.163094,LTE_PHY_PUSCH_CSF,Rank 1,9,0,2,0,SCC-2
2024-08-09 11:30:21.173087,LTE_PHY_PUSCH_CSF,Rank 2,8,7,0,0,PCC
2024-08-09 11:30:21.173087,LTE_PHY_PUSCH_CSF,Rank 1,9,0,2,0,SCC-2
2024-08-09 11:30:21.183086,LTE_PHY_PUSCH_CSF,Rank 2,8,7,0,0,PCC
2024-08-09 11:30:21.183086,LTE_PHY_PUSCH_CSF,Rank 1,8,0,2,0,SCC-2
2024-08-09 11:30:21.193087,LTE_PHY_PUSCH_CSF,Rank 2,8,7,0,0,PCC
2024-08-09 11:30:21.193087,LTE_PHY_PUSCH_CSF,Rank 1,8,0,2,0,SCC-2
2024-08-09 11:30:21.202885,LTE_PHY_PUSCH_CSF,Rank 2,9,8,0,0,PCC
2024-08-09 11:30:21.202885,LTE_PHY_PUSCH_CSF,Rank 1,7,0,0,0,SCC-2
2024-08-09 11:30:21.213082,LTE_PHY_PUSCH_CSF,Rank 2,8,7,0,0,PCC
2024-08-09 11:30:21.213082,LTE_PHY_PUSCH_CSF,Rank 1,8,0,0,0,SCC-2
2024-08-09 11:30:21.223085,LTE_PHY_PUSCH_CSF,Rank 2,9,7,0,0,PCC
2024-08-09 11:30:21.223085,LTE_PHY_PUSCH_CSF,Rank 1,8,0,2,0,SCC-2
2024-08-09 11:30:21.232967,LTE_PHY_PUSCH_CSF,Rank 2,9,8,0,0,PCC
2024-08-09 11:30:21.232967,LTE_PHY_PUSCH_CSF,Rank 1,8,0,2,0,SCC-2
2024-08-09 11:30:21.243086,LTE_PHY_PUSCH_CSF,Rank 2,9,7,0,0,PCC
2024-08-09 11:30:21.243086,LTE_PHY_PUSCH_CSF,Rank 1,8,0,2,0,SCC-2
2024-08-09 11:30:21.253093,LTE_PHY_PUSCH_CSF,Rank 2,9,8,0,0,PCC
2024-08-09 11:30:21.253093,LTE_PHY_PUSCH_CSF,Rank 1,8,0,2,0,SCC-2
2024-08-09 11:30:21.263080,LTE_PHY_PUSCH_CSF,Rank 2,10,8,0,0,PCC
2024-08-09 11:30:21.263080,LTE_PHY_PUSCH_CSF,Rank 1,7,0,2,0,SCC-2
2024-08-09 11:30:21.273083,LTE_PHY_PUSCH_CSF,Rank 2,10,8,0,0,PCC
2024-08-09 11:30:21.273083,LTE_PHY_PUSCH_CSF,Rank 1,8,0,0,0,SCC-2
2024-08-09 11:30:21.283086,LTE_PHY_PUSCH_CSF,Rank 2,9,7,0,0,PCC
2024-08-09 11:30:21.283086,LTE_PHY_PUSCH_CSF,Rank 1,7,0,0,0,SCC-2
2024-08-09 11:30:21.293094,LTE_PHY_PUSCH_CSF,Rank 2,9,7,0,0,PCC
2024-08-09 11:30:21.293094,LTE_PHY_PUSCH_CSF,Rank 1,7,0,2,0,SCC-2
2024-08-09 11:30:21.303090,LTE_PHY_PUSCH_CSF,Rank 1,8,0,0,0,PCC
2024-08-09 11:30:21.303090,LTE_PHY_PUSCH_CSF,Rank 1,8,0,0,0,SCC-2
2024-08-09 11:30:21.313082,LTE_PHY_PUSCH_CSF,Rank 1,9,0,0,0,PCC
2024-08-09 11:30:21.313082,LTE_PHY_PUSCH_CSF,Rank 1,8,0,2,0,SCC-2
2024-08-09 11:30:21.323082,LTE_PHY_PUSCH_CSF,Rank 1,10,0,0,0,PCC
2024-08-09 11:30:21.323082,LTE_PHY_PUSCH_CSF,Rank 1,8,0,2,0,SCC-2
2024-08-09 11:30:21.333088,LTE_PHY_PUSCH_CSF,Rank 2,8,5,0,0,PCC
2024-08-09 11:30:21.333088,LTE_PHY_PUSCH_CSF,Rank 1,8,0,2,0,SCC-2
2024-08-09 11:30:21.343087,LTE_PHY_PUSCH_CSF,Rank 2,9,6,0,0,PCC
2024-08-09 11:30:21.343087,LTE_PHY_PUSCH_CSF,Rank 1,7,0,2,0,SCC-2
2024-08-09 11:30:21.353085,LTE_PHY_PUSCH_CSF,Rank 2,10,7,0,0,PCC
2024-08-09 11:30:21.353085,LTE_PHY_PUSCH_CSF,Rank 1,7,0,2,0,SCC-2
2024-08-09 11:30:21.362974,LTE_PHY_PUSCH_CSF,Rank 2,9,9,1,0,PCC
2024-08-09 11:30:21.362974,LTE_PHY_PUSCH_CSF,Rank 1,8,0,2,0,SCC-2
2024-08-09 11:30:21.373082,LTE_PHY_PUSCH_CSF,Rank 2,10,8,0,0,PCC
2024-08-09 11:30:21.373082,LTE_PHY_PUSCH_CSF,Rank 1,8,0,2,0,SCC-2
2024-08-09 11:30:21.383084,LTE_PHY_PUSCH_CSF,Rank 2,9,7,0,0,PCC
2024-08-09 11:30:21.383084,LTE_PHY_PUSCH_CSF,Rank 1,8,0,0,0,SCC-2
2024-08-09 11:30:21.393086,LTE_PHY_PUSCH_CSF,Rank 2,9,7,0,0,PCC
2024-08-09 11:30:21.393086,LTE_PHY_PUSCH_CSF,Rank 1,9,0,2,0,SCC-2
2024-08-09 11:30:21.402834,LTE_PHY_PUSCH_CSF,Rank 2,9,7,0,0,PCC
2024-08-09 11:30:21.402834,LTE_PHY_PUSCH_CSF,Rank 1,9,0,2,0,SCC-2
2024-08-09 11:30:21.413101,LTE_PHY_PUSCH_CSF,Rank 2,9,7,0,0,PCC
2024-08-09 11:30:21.413101,LTE_PHY_PUSCH_CSF,Rank 1,8,0,0,0,SCC-2
2024-08-09 11:30:21.423084,LTE_PHY_PUSCH_CSF,Rank 2,8,9,1,0,PCC
2024-08-09 11:30:21.423084,LTE_PHY_PUSCH_CSF,Rank 1,8,0,2,0,SCC-2
2024-08-09 11:30:21.433089,LTE_PHY_PUSCH_CSF,Rank 2,9,10,1,0,PCC
2024-08-09 11:30:21.433089,LTE_PHY_PUSCH_CSF,Rank 1,8,0,2,0,SCC-2
2024-08-09 11:30:21.443089,LTE_PHY_PUSCH_CSF,Rank 2,9,10,1,0,PCC
2024-08-09 11:30:21.443089,LTE_PHY_PUSCH_CSF,Rank 1,8,0,2,0,SCC-2
2024-08-09 11:30:21.453090,LTE_PHY_PUSCH_CSF,Rank 2,9,8,0,0,PCC
2024-08-09 11:30:21.453090,LTE_PHY_PUSCH_CSF,Rank 1,7,0,2,0,SCC-2
2024-08-09 11:30:21.462955,LTE_PHY_PUSCH_CSF,Rank 2,8,7,0,0,PCC
2024-08-09 11:30:21.462955,LTE_PHY_PUSCH_CSF,Rank 1,7,0,2,0,SCC-2
2024-08-09 11:30:21.473088,LTE_PHY_PUSCH_CSF,Rank 2,8,7,0,0,PCC
2024-08-09 11:30:21.473088,LTE_PHY_PUSCH_CSF,Rank 1,8,0,2,0,SCC-2
2024-08-09 11:30:21.483096,LTE_PHY_PUSCH_CSF,Rank 1,8,0,0,0,PCC
2024-08-09 11:30:21.483096,LTE_PHY_PUSCH_CSF,Rank 1,8,0,2,0,SCC-2
2024-08-09 11:30:21.493082,LTE_PHY_PUSCH_CSF,Rank 1,7,0,0,0,PCC
2024-08-09 11:30:21.493082,LTE_PHY_PUSCH_CSF,Rank 1,8,0,2,0,SCC-2
2024-08-09 11:30:21.503116,LTE_PHY_PUSCH_CSF,Rank 1,7,0,0,0,PCC
2024-08-09 11:30:21.503116,LTE_PHY_PUSCH_CSF,Rank 1,8,0,2,0,SCC-2
2024-08-09 11:30:21.513092,LTE_PHY_PUSCH_CSF,Rank 1,6,0,0,0,PCC
2024-08-09 11:30:21.513092,LTE_PHY_PUSCH_CSF,Rank 1,8,0,2,0,SCC-2
2024-08-09 11:30:21.523085,LTE_PHY_PUSCH_CSF,Rank 1,7,0,0,0,PCC
2024-08-09 11:30:21.523085,LTE_PHY_PUSCH_CSF,Rank 1,9,0,2,0,SCC-2
2024-08-09 11:30:21.533090,LTE_PHY_PUSCH_CSF,Rank 1,9,0,0,0,PCC
2024-08-09 11:30:21.533090,LTE_PHY_PUSCH_CSF,Rank 1,8,0,2,0,SCC-2
2024-08-09 11:30:21.543081,LTE_PHY_PUSCH_CSF,Rank 1,9,0,0,0,PCC
2024-08-09 11:30:21.543081,LTE_PHY_PUSCH_CSF,Rank 1,9,0,2,0,SCC-2
2024-08-09 11:30:21.553082,LTE_PHY_PUSCH_CSF,Rank 2,7,5,0,0,PCC
2024-08-09 11:30:21.553082,LTE_PHY_PUSCH_CSF,Rank 1,9,0,2,0,SCC-2
2024-08-09 11:30:21.563081,LTE_PHY_PUSCH_CSF,Rank 2,8,6,0,0,PCC
2024-08-09 11:30:21.563081,LTE_PHY_PUSCH_CSF,Rank 1,8,0,2,0,SCC-2
2024-08-09 11:30:21.573081,LTE_PHY_PUSCH_CSF,Rank 2,9,7,0,0,PCC
2024-08-09 11:30:21.573081,LTE_PHY_PUSCH_CSF,Rank 1,8,0,2,0,SCC-2
2024-08-09 11:30:21.583086,LTE_PHY_PUSCH_CSF,Rank 2,8,9,1,0,PCC
2024-08-09 11:30:21.583086,LTE_PHY_PUSCH_CSF,Rank 1,8,0,2,0,SCC-2
2024-08-09 11:30:21.593084,LTE_PHY_PUSCH_CSF,Rank 2,8,9,1,0,PCC
2024-08-09 11:30:21.593084,LTE_PHY_PUSCH_CSF,Rank 1,7,0,2,0,SCC-2
2024-08-09 11:30:21.603085,LTE_PHY_PUSCH_CSF,Rank 2,9,10,1,0,PCC
2024-08-09 11:30:21.603085,LTE_PHY_PUSCH_CSF,Rank 1,8,0,2,0,SCC-2
2024-08-09 11:30:21.612963,LTE_PHY_PUSCH_CSF,Rank 2,9,8,0,0,PCC
2024-08-09 11:30:21.612963,LTE_PHY_PUSCH_CSF,Rank 1,7,0,2,0,SCC-2
2024-08-09 11:30:21.623085,LTE_PHY_PUSCH_CSF,Rank 2,7,8,1,0,PCC
2024-08-09 11:30:21.623085,LTE_PHY_PUSCH_CSF,Rank 1,7,0,2,0,SCC-2
2024-08-09 11:30:21.633084,LTE_PHY_PUSCH_CSF,Rank 2,7,8,1,0,PCC
2024-08-09 11:30:21.633084,LTE_PHY_PUSCH_CSF,Rank 1,7,0,2,0,SCC-2
2024-08-09 11:30:21.643086,LTE_PHY_PUSCH_CSF,Rank 2,8,8,1,0,PCC
2024-08-09 11:30:21.643086,LTE_PHY_PUSCH_CSF,Rank 1,7,0,2,0,SCC-2
2024-08-09 11:30:21.653085,LTE_PHY_PUSCH_CSF,Rank 2,8,9,1,0,PCC
2024-08-09 11:30:21.653085,LTE_PHY_PUSCH_CSF,Rank 1,7,0,2,0,SCC-2
2024-08-09 11:30:21.663092,LTE_PHY_PUSCH_CSF,Rank 2,8,8,1,0,PCC
2024-08-09 11:30:21.663092,LTE_PHY_PUSCH_CSF,Rank 1,7,0,2,0,SCC-2
2024-08-09 11:30:21.673086,LTE_PHY_PUSCH_CSF,Rank 2,8,9,1,0,PCC
2024-08-09 11:30:21.673086,LTE_PHY_PUSCH_CSF,Rank 1,8,0,2,0,SCC-2
2024-08-09 11:30:21.683084,LTE_PHY_PUSCH_CSF,Rank 2,8,8,1,0,PCC
2024-08-09 11:30:21.683084,LTE_PHY_PUSCH_CSF,Rank 1,7,0,2,0,SCC-2
2024-08-09 11:30:21.693083,LTE_PHY_PUSCH_CSF,Rank 2,7,6,0,0,PCC
2024-08-09 11:30:21.693083,LTE_PHY_PUSCH_CSF,Rank 1,8,0,2,0,SCC-2
2024-08-09 11:30:21.703088,LTE_PHY_PUSCH_CSF,Rank 2,6,7,1,0,PCC
2024-08-09 11:30:21.703088,LTE_PHY_PUSCH_CSF,Rank 1,7,0,2,0,SCC-2
2024-08-09 11:30:21.713087,LTE_PHY_PUSCH_CSF,Rank 2,7,8,1,0,PCC
2024-08-09 11:30:21.713087,LTE_PHY_PUSCH_CSF,Rank 1,7,0,2,0,SCC-2
2024-08-09 11:30:21.723087,LTE_PHY_PUSCH_CSF,Rank 2,7,8,1,0,PCC
2024-08-09 11:30:21.723087,LTE_PHY_PUSCH_CSF,Rank 1,7,0,2,0,SCC-2
2024-08-09 11:30:21.733086,LTE_PHY_PUSCH_CSF,Rank 2,8,8,1,0,PCC
2024-08-09 11:30:21.733086,LTE_PHY_PUSCH_CSF,Rank 1,8,0,2,0,SCC-2
2024-08-09 11:30:21.743097,LTE_PHY_PUSCH_CSF,Rank 2,8,9,1,0,PCC
2024-08-09 11:30:21.743097,LTE_PHY_PUSCH_CSF,Rank 1,7,0,2,0,SCC-2
2024-08-09 11:30:21.753090,LTE_PHY_PUSCH_CSF,Rank 2,9,9,1,0,PCC
2024-08-09 11:30:21.753090,LTE_PHY_PUSCH_CSF,Rank 1,7,0,2,0,SCC-2
2024-08-09 11:30:21.763095,LTE_PHY_PUSCH_CSF,Rank 2,9,9,1,0,PCC
2024-08-09 11:30:21.763095,LTE_PHY_PUSCH_CSF,Rank 1,7,0,2,0,SCC-2
2024-08-09 11:30:21.773092,LTE_PHY_PUSCH_CSF,Rank 2,8,7,0,0,PCC
2024-08-09 11:30:21.773092,LTE_PHY_PUSCH_CSF,Rank 1,7,0,2,0,SCC-2
2024-08-09 11:30:21.783088,LTE_PHY_PUSCH_CSF,Rank 2,7,7,1,0,PCC
2024-08-09 11:30:21.783088,LTE_PHY_PUSCH_CSF,Rank 1,8,0,2,0,SCC-2
2024-08-09 11:30:21.793100,LTE_PHY_PUSCH_CSF,Rank 1,9,0,0,0,PCC
2024-08-09 11:30:21.793100,LTE_PHY_PUSCH_CSF,Rank 1,8,0,2,0,SCC-2
2024-08-09 11:30:21.802882,LTE_PHY_PUSCH_CSF,Rank 1,10,0,0,0,PCC
2024-08-09 11:30:21.802882,LTE_PHY_PUSCH_CSF,Rank 1,8,0,2,0,SCC-2
2024-08-09 11:30:21.813087,LTE_PHY_PUSCH_CSF,Rank 2,6,7,1,0,PCC
2024-08-09 11:30:21.813087,LTE_PHY_PUSCH_CSF,Rank 1,9,0,2,0,SCC-2
2024-08-09 11:30:21.822962,LTE_PHY_PUSCH_CSF,Rank 2,6,7,1,0,PCC
2024-08-09 11:30:21.822962,LTE_PHY_PUSCH_CSF,Rank 1,9,0,2,0,SCC-2
2024-08-09 11:30:21.833091,LTE_PHY_PUSCH_CSF,Rank 2,7,7,1,0,PCC
2024-08-09 11:30:21.833091,LTE_PHY_PUSCH_CSF,Rank 1,9,0,2,0,SCC-2
2024-08-09 11:30:21.843082,LTE_PHY_PUSCH_CSF,Rank 2,7,7,1,0,PCC
2024-08-09 11:30:21.843082,LTE_PHY_PUSCH_CSF,Rank 1,8,0,2,0,SCC-2
2024-08-09 11:30:21.853080,LTE_PHY_PUSCH_CSF,Rank 2,7,7,0,0,PCC
2024-08-09 11:30:21.853080,LTE_PHY_PUSCH_CSF,Rank 1,8,0,2,0,SCC-2
2024-08-09 11:30:21.863089,LTE_PHY_PUSCH_CSF,Rank 2,7,7,1,0,PCC
2024-08-09 11:30:21.863089,LTE_PHY_PUSCH_CSF,Rank 1,7,0,2,0,SCC-2
2024-08-09 11:30:21.873079,LTE_PHY_PUSCH_CSF,Rank 2,7,8,1,0,PCC
2024-08-09 11:30:21.873079,LTE_PHY_PUSCH_CSF,Rank 1,8,0,2,0,SCC-2
2024-08-09 11:30:21.883081,LTE_PHY_PUSCH_CSF,Rank 2,7,7,0,0,PCC
2024-08-09 11:30:21.883081,LTE_PHY_PUSCH_CSF,Rank 1,8,0,2,0,SCC-2
2024-08-09 11:30:21.893081,LTE_PHY_PUSCH_CSF,Rank 2,7,7,0,0,PCC
2024-08-09 11:30:21.893081,LTE_PHY_PUSCH_CSF,Rank 1,8,0,2,0,SCC-2
2024-08-09 11:30:21.903086,LTE_PHY_PUSCH_CSF,Rank 2,7,8,0,0,PCC
2024-08-09 11:30:21.903086,LTE_PHY_PUSCH_CSF,Rank 1,8,0,2,0,SCC-2
2024-08-09 11:30:21.913086,LTE_PHY_PUSCH_CSF,Rank 2,8,8,0,0,PCC
2024-08-09 11:30:21.913086,LTE_PHY_PUSCH_CSF,Rank 1,8,0,2,0,SCC-2
2024-08-09 11:30:21.923091,LTE_PHY_PUSCH_CSF,Rank 2,8,9,0,0,PCC
2024-08-09 11:30:21.923091,LTE_PHY_PUSCH_CSF,Rank 1,8,0,2,0,SCC-2
2024-08-09 11:30:21.932971,LTE_PHY_PUSCH_CSF,Rank 2,8,8,0,0,PCC
2024-08-09 11:30:21.932971,LTE_PHY_PUSCH_CSF,Rank 1,8,0,2,0,SCC-2
2024-08-09 11:30:21.943089,LTE_PHY_PUSCH_CSF,Rank 2,8,8,0,0,PCC
2024-08-09 11:30:21.943089,LTE_PHY_PUSCH_CSF,Rank 1,8,0,2,0,SCC-2
2024-08-09 11:30:21.953087,LTE_PHY_PUSCH_CSF,Rank 2,8,8,0,0,PCC
2024-08-09 11:30:21.953087,LTE_PHY_PUSCH_CSF,Rank 1,7,0,2,0,SCC-2
2024-08-09 11:30:21.963087,LTE_PHY_PUSCH_CSF,Rank 2,9,9,0,0,PCC
2024-08-09 11:30:21.963087,LTE_PHY_PUSCH_CSF,Rank 1,8,0,2,0,SCC-2
2024-08-09 11:30:21.973079,LTE_PHY_PUSCH_CSF,Rank 1,7,0,0,0,PCC
2024-08-09 11:30:21.973079,LTE_PHY_PUSCH_CSF,Rank 1,8,0,2,0,SCC-2
2024-08-09 11:30:21.983081,LTE_PHY_PUSCH_CSF,Rank 1,6,0,0,0,PCC
2024-08-09 11:30:21.983081,LTE_PHY_PUSCH_CSF,Rank 1,7,0,2,0,SCC-2
2024-08-09 11:30:21.993079,LTE_PHY_PUSCH_CSF,Rank 1,6,0,0,0,PCC
2024-08-09 11:30:21.993079,LTE_PHY_PUSCH_CSF,Rank 1,7,0,2,0,SCC-2
2024-08-09 11:30:22.003084,LTE_PHY_PUSCH_CSF,Rank 1,8,0,0,0,PCC
2024-08-09 11:30:22.003084,LTE_PHY_PUSCH_CSF,Rank 1,8,0,2,0,SCC-2
2024-08-09 11:30:22.013081,LTE_PHY_PUSCH_CSF,Rank 1,7,0,0,0,PCC
2024-08-09 11:30:22.013081,LTE_PHY_PUSCH_CSF,Rank 1,8,0,2,0,SCC-2
2024-08-09 11:30:22.023093,LTE_PHY_PUSCH_CSF,Rank 1,9,0,0,0,PCC
2024-08-09 11:30:22.023093,LTE_PHY_PUSCH_CSF,Rank 1,8,0,2,0,SCC-2
2024-08-09 11:30:22.033083,LTE_PHY_PUSCH_CSF,Rank 1,7,0,0,0,PCC
2024-08-09 11:30:22.033083,LTE_PHY_PUSCH_CSF,Rank 1,8,0,2,0,SCC-2
2024-08-09 11:30:22.043089,LTE_PHY_PUSCH_CSF,Rank 2,6,4,0,0,PCC
2024-08-09 11:30:22.043089,LTE_PHY_PUSCH_CSF,Rank 1,7,0,2,0,SCC-2
2024-08-09 11:30:22.053089,LTE_PHY_PUSCH_CSF,Rank 2,8,6,0,0,PCC
2024-08-09 11:30:22.053089,LTE_PHY_PUSCH_CSF,Rank 1,7,0,2,0,SCC-2
2024-08-09 11:30:22.063085,LTE_PHY_PUSCH_CSF,Rank 1,8,0,0,0,PCC
2024-08-09 11:30:22.063085,LTE_PHY_PUSCH_CSF,Rank 1,7,0,2,0,SCC-2
2024-08-09 11:30:22.073080,LTE_PHY_PUSCH_CSF,Rank 1,8,0,0,0,PCC
2024-08-09 11:30:22.073080,LTE_PHY_PUSCH_CSF,Rank 1,7,0,2,0,SCC-2
2024-08-09 11:30:22.083085,LTE_PHY_PUSCH_CSF,Rank 2,7,4,0,0,PCC
2024-08-09 11:30:22.083085,LTE_PHY_PUSCH_CSF,Rank 1,7,0,2,0,SCC-2
2024-08-09 11:30:22.093085,LTE_PHY_PUSCH_CSF,Rank 2,8,5,0,0,PCC
2024-08-09 11:30:22.093085,LTE_PHY_PUSCH_CSF,Rank 1,7,0,2,0,SCC-2
2024-08-09 11:30:22.103088,LTE_PHY_PUSCH_CSF,Rank 1,8,0,0,0,PCC
2024-08-09 11:30:22.103088,LTE_PHY_PUSCH_CSF,Rank 1,8,0,2,0,SCC-2
2024-08-09 11:30:22.112931,LTE_PHY_PUSCH_CSF,Rank 1,9,0,0,0,PCC
2024-08-09 11:30:22.112931,LTE_PHY_PUSCH_CSF,Rank 1,8,0,2,0,SCC-2
2024-08-09 11:30:22.123118,LTE_PHY_PUSCH_CSF,Rank 1,10,0,0,0,PCC
2024-08-09 11:30:22.123118,LTE_PHY_PUSCH_CSF,Rank 1,8,0,2,0,SCC-2
2024-08-09 11:30:22.133079,LTE_PHY_PUSCH_CSF,Rank 1,9,0,0,0,PCC
2024-08-09 11:30:22.133079,LTE_PHY_PUSCH_CSF,Rank 1,8,0,2,0,SCC-2
2024-08-09 11:30:22.143079,LTE_PHY_PUSCH_CSF,Rank 1,9,0,0,0,PCC
2024-08-09 11:30:22.143079,LTE_PHY_PUSCH_CSF,Rank 1,8,0,2,0,SCC-2
2024-08-09 11:30:22.153078,LTE_PHY_PUSCH_CSF,Rank 1,10,0,0,0,PCC
2024-08-09 11:30:22.153078,LTE_PHY_PUSCH_CSF,Rank 1,9,0,2,0,SCC-2
2024-08-09 11:30:22.163093,LTE_PHY_PUSCH_CSF,Rank 2,8,4,0,0,PCC
2024-08-09 11:30:22.163093,LTE_PHY_PUSCH_CSF,Rank 1,9,0,2,0,SCC-2
2024-08-09 11:30:22.173079,LTE_PHY_PUSCH_CSF,Rank 2,9,5,0,0,PCC
2024-08-09 11:30:22.173079,LTE_PHY_PUSCH_CSF,Rank 1,8,0,2,0,SCC-2
2024-08-09 11:30:22.183083,LTE_PHY_PUSCH_CSF,Rank 2,9,6,0,0,PCC
2024-08-09 11:30:22.183083,LTE_PHY_PUSCH_CSF,Rank 1,9,0,2,0,SCC-2
2024-08-09 11:30:22.193081,LTE_PHY_PUSCH_CSF,Rank 2,9,6,0,0,PCC
2024-08-09 11:30:22.193081,LTE_PHY_PUSCH_CSF,Rank 1,8,0,2,0,SCC-2
2024-08-09 11:30:22.203084,LTE_PHY_PUSCH_CSF,Rank 2,10,7,0,0,PCC
2024-08-09 11:30:22.203084,LTE_PHY_PUSCH_CSF,Rank 1,8,0,2,0,SCC-2
2024-08-09 11:30:22.213087,LTE_PHY_PUSCH_CSF,Rank 2,10,7,0,0,PCC
2024-08-09 11:30:22.213087,LTE_PHY_PUSCH_CSF,Rank 1,9,0,2,0,SCC-2
2024-08-09 11:30:22.223082,LTE_PHY_PUSCH_CSF,Rank 2,10,6,0,0,PCC
2024-08-09 11:30:22.223082,LTE_PHY_PUSCH_CSF,Rank 1,9,0,2,0,SCC-2
2024-08-09 11:30:22.233078,LTE_PHY_PUSCH_CSF,Rank 1,13,0,0,0,PCC
2024-08-09 11:30:22.233078,LTE_PHY_PUSCH_CSF,Rank 1,9,0,2,0,SCC-2
2024-08-09 11:30:22.243080,LTE_PHY_PUSCH_CSF,Rank 1,13,0,0,0,PCC
2024-08-09 11:30:22.243080,LTE_PHY_PUSCH_CSF,Rank 1,10,0,2,0,SCC-2
2024-08-09 11:30:22.253084,LTE_PHY_PUSCH_CSF,Rank 2,9,6,0,0,PCC
2024-08-09 11:30:22.253084,LTE_PHY_PUSCH_CSF,Rank 1,9,0,2,0,SCC-2
2024-08-09 11:30:22.263080,LTE_PHY_PUSCH_CSF,Rank 2,9,6,0,0,PCC
2024-08-09 11:30:22.263080,LTE_PHY_PUSCH_CSF,Rank 1,9,0,2,0,SCC-2
2024-08-09 11:30:22.273078,LTE_PHY_PUSCH_CSF,Rank 1,11,0,0,0,PCC
2024-08-09 11:30:22.273078,LTE_PHY_PUSCH_CSF,Rank 1,8,0,2,0,SCC-2
2024-08-09 11:30:22.283080,LTE_PHY_PUSCH_CSF,Rank 2,9,5,0,0,PCC
2024-08-09 11:30:22.283080,LTE_PHY_PUSCH_CSF,Rank 1,8,0,2,0,SCC-2
2024-08-09 11:30:22.293098,LTE_PHY_PUSCH_CSF,Rank 2,9,6,0,0,PCC
2024-08-09 11:30:22.293098,LTE_PHY_PUSCH_CSF,Rank 1,8,0,2,0,SCC-2
2024-08-09 11:30:22.303082,LTE_PHY_PUSCH_CSF,Rank 2,9,6,0,0,PCC
2024-08-09 11:30:22.303082,LTE_PHY_PUSCH_CSF,Rank 1,8,0,2,0,SCC-2
2024-08-09 11:30:22.313083,LTE_PHY_PUSCH_CSF,Rank 2,9,6,0,0,PCC
2024-08-09 11:30:22.313083,LTE_PHY_PUSCH_CSF,Rank 1,9,0,2,0,SCC-2
2024-08-09 11:30:22.322803,LTE_PHY_PUSCH_CSF,Rank 2,9,6,0,0,PCC
2024-08-09 11:30:22.322803,LTE_PHY_PUSCH_CSF,Rank 1,8,0,2,0,SCC-2
2024-08-09 11:30:22.333079,LTE_PHY_PUSCH_CSF,Rank 2,9,5,0,0,PCC
2024-08-09 11:30:22.333079,LTE_PHY_PUSCH_CSF,Rank 1,8,0,2,0,SCC-2
2024-08-09 11:30:22.343079,LTE_PHY_PUSCH_CSF,Rank 2,9,6,0,0,PCC
2024-08-09 11:30:22.343079,LTE_PHY_PUSCH_CSF,Rank 1,8,0,2,0,SCC-2
2024-08-09 11:30:22.353082,LTE_PHY_PUSCH_CSF,Rank 2,9,6,0,0,PCC
2024-08-09 11:30:22.353082,LTE_PHY_PUSCH_CSF,Rank 1,8,0,2,0,SCC-2
2024-08-09 11:30:22.362970,LTE_PHY_PUSCH_CSF,Rank 2,9,5,0,0,PCC
2024-08-09 11:30:22.362970,LTE_PHY_PUSCH_CSF,Rank 1,8,0,2,0,SCC-2
2024-08-09 11:30:22.373085,LTE_PHY_PUSCH_CSF,Rank 2,9,6,0,0,PCC
2024-08-09 11:30:22.373085,LTE_PHY_PUSCH_CSF,Rank 1,8,0,2,0,SCC-2
2024-08-09 11:30:22.383074,LTE_PHY_PUSCH_CSF,Rank 2,8,5,0,0,PCC
2024-08-09 11:30:22.383074,LTE_PHY_PUSCH_CSF,Rank 1,8,0,2,0,SCC-2
2024-08-09 11:30:22.393083,LTE_PHY_PUSCH_CSF,Rank 2,9,6,0,0,PCC
2024-08-09 11:30:22.393083,LTE_PHY_PUSCH_CSF,Rank 1,8,0,2,0,SCC-2
2024-08-09 11:30:22.403075,LTE_PHY_PUSCH_CSF,Rank 2,9,6,0,0,PCC
2024-08-09 11:30:22.403075,LTE_PHY_PUSCH_CSF,Rank 1,8,0,2,0,SCC-2
2024-08-09 11:30:22.413081,LTE_PHY_PUSCH_CSF,Rank 2,9,6,0,0,PCC
2024-08-09 11:30:22.413081,LTE_PHY_PUSCH_CSF,Rank 1,8,0,2,0,SCC-2
2024-08-09 11:30:22.422959,LTE_PHY_PUSCH_CSF,Rank 2,9,6,0,0,PCC
2024-08-09 11:30:22.422959,LTE_PHY_PUSCH_CSF,Rank 1,8,0,2,0,SCC-2
2024-08-09 11:30:22.433075,LTE_PHY_PUSCH_CSF,Rank 2,9,6,0,0,PCC
2024-08-09 11:30:22.433075,LTE_PHY_PUSCH_CSF,Rank 1,9,0,2,0,SCC-2
2024-08-09 11:30:22.443078,LTE_PHY_PUSCH_CSF,Rank 2,8,6,0,0,PCC
2024-08-09 11:30:22.443078,LTE_PHY_PUSCH_CSF,Rank 1,8,0,2,0,SCC-2
2024-08-09 11:30:22.453077,LTE_PHY_PUSCH_CSF,Rank 2,7,5,0,0,PCC
2024-08-09 11:30:22.453077,LTE_PHY_PUSCH_CSF,Rank 1,8,0,2,0,SCC-2
2024-08-09 11:30:22.463077,LTE_PHY_PUSCH_CSF,Rank 2,8,6,0,0,PCC
2024-08-09 11:30:22.463077,LTE_PHY_PUSCH_CSF,Rank 1,8,0,2,0,SCC-2
2024-08-09 11:30:22.473078,LTE_PHY_PUSCH_CSF,Rank 2,8,6,0,0,PCC
2024-08-09 11:30:22.473078,LTE_PHY_PUSCH_CSF,Rank 1,9,0,2,0,SCC-2
2024-08-09 11:30:22.483078,LTE_PHY_PUSCH_CSF,Rank 2,8,6,0,0,PCC
2024-08-09 11:30:22.483078,LTE_PHY_PUSCH_CSF,Rank 1,9,0,2,0,SCC-2
2024-08-09 11:30:22.493074,LTE_PHY_PUSCH_CSF,Rank 2,8,6,0,0,PCC
2024-08-09 11:30:22.493074,LTE_PHY_PUSCH_CSF,Rank 1,8,0,2,0,SCC-2
2024-08-09 11:30:22.503092,LTE_PHY_PUSCH_CSF,Rank 2,8,6,0,0,PCC
2024-08-09 11:30:22.503092,LTE_PHY_PUSCH_CSF,Rank 1,9,0,2,0,SCC-2
2024-08-09 11:30:22.513076,LTE_PHY_PUSCH_CSF,Rank 2,8,6,0,0,PCC
2024-08-09 11:30:22.513076,LTE_PHY_PUSCH_CSF,Rank 1,9,0,2,0,SCC-2
2024-08-09 11:30:22.523080,LTE_PHY_PUSCH_CSF,Rank 2,9,6,0,0,PCC
2024-08-09 11:30:22.523080,LTE_PHY_PUSCH_CSF,Rank 1,9,0,2,0,SCC-2
2024-08-09 11:30:22.533079,LTE_PHY_PUSCH_CSF,Rank 2,8,7,0,0,PCC
2024-08-09 11:30:22.533079,LTE_PHY_PUSCH_CSF,Rank 1,8,0,2,0,SCC-2
2024-08-09 11:30:22.543091,LTE_PHY_PUSCH_CSF,Rank 2,9,7,0,0,PCC
2024-08-09 11:30:22.543091,LTE_PHY_PUSCH_CSF,Rank 1,8,0,2,0,SCC-2
2024-08-09 11:30:22.553074,LTE_PHY_PUSCH_CSF,Rank 2,8,6,0,0,PCC
2024-08-09 11:30:22.553074,LTE_PHY_PUSCH_CSF,Rank 1,9,0,2,0,SCC-2
2024-08-09 11:30:22.563078,LTE_PHY_PUSCH_CSF,Rank 2,8,6,0,0,PCC
2024-08-09 11:30:22.563078,LTE_PHY_PUSCH_CSF,Rank 1,9,0,2,0,SCC-2
2024-08-09 11:30:22.573078,LTE_PHY_PUSCH_CSF,Rank 2,8,6,0,0,PCC
2024-08-09 11:30:22.573078,LTE_PHY_PUSCH_CSF,Rank 1,9,0,2,0,SCC-2
2024-08-09 11:30:22.583078,LTE_PHY_PUSCH_CSF,Rank 2,7,6,0,0,PCC
2024-08-09 11:30:22.583078,LTE_PHY_PUSCH_CSF,Rank 1,8,0,2,0,SCC-2
2024-08-09 11:30:22.593077,LTE_PHY_PUSCH_CSF,Rank 2,7,6,0,0,PCC
2024-08-09 11:30:22.593077,LTE_PHY_PUSCH_CSF,Rank 1,8,0,2,0,SCC-2
2024-08-09 11:30:22.603077,LTE_PHY_PUSCH_CSF,Rank 2,8,6,0,0,PCC
2024-08-09 11:30:22.603077,LTE_PHY_PUSCH_CSF,Rank 1,8,0,2,0,SCC-2
2024-08-09 11:30:22.613075,LTE_PHY_PUSCH_CSF,Rank 2,8,6,0,0,PCC
2024-08-09 11:30:22.613075,LTE_PHY_PUSCH_CSF,Rank 1,9,0,2,0,SCC-2
2024-08-09 11:30:22.623082,LTE_PHY_PUSCH_CSF,Rank 2,9,7,0,0,PCC
2024-08-09 11:30:22.623082,LTE_PHY_PUSCH_CSF,Rank 1,8,0,2,0,SCC-2
2024-08-09 11:30:22.633076,LTE_PHY_PUSCH_CSF,Rank 2,9,7,0,0,PCC
2024-08-09 11:30:22.633076,LTE_PHY_PUSCH_CSF,Rank 1,9,0,2,0,SCC-2
2024-08-09 11:30:22.643100,LTE_PHY_PUSCH_CSF,Rank 2,9,7,0,0,PCC
2024-08-09 11:30:22.643100,LTE_PHY_PUSCH_CSF,Rank 1,9,0,2,0,SCC-2
2024-08-09 11:30:22.652971,LTE_PHY_PUSCH_CSF,Rank 2,8,6,0,0,PCC
2024-08-09 11:30:22.652971,LTE_PHY_PUSCH_CSF,Rank 1,8,0,2,0,SCC-2
2024-08-09 11:30:22.663078,LTE_PHY_PUSCH_CSF,Rank 2,8,7,0,0,PCC
2024-08-09 11:30:22.663078,LTE_PHY_PUSCH_CSF,Rank 1,8,0,2,0,SCC-2
2024-08-09 11:30:22.673075,LTE_PHY_PUSCH_CSF,Rank 2,9,7,0,0,PCC
2024-08-09 11:30:22.673075,LTE_PHY_PUSCH_CSF,Rank 1,8,0,2,0,SCC-2
2024-08-09 11:30:22.683077,LTE_PHY_PUSCH_CSF,Rank 2,9,7,0,0,PCC
2024-08-09 11:30:22.683077,LTE_PHY_PUSCH_CSF,Rank 1,8,0,2,0,SCC-2
2024-08-09 11:30:22.693073,LTE_PHY_PUSCH_CSF,Rank 2,9,7,0,0,PCC
2024-08-09 11:30:22.693073,LTE_PHY_PUSCH_CSF,Rank 1,8,0,2,0,SCC-2
2024-08-09 11:30:22.703081,LTE_PHY_PUSCH_CSF,Rank 2,9,7,0,0,PCC
2024-08-09 11:30:22.703081,LTE_PHY_PUSCH_CSF,Rank 1,8,0,2,0,SCC-2
2024-08-09 11:30:22.713078,LTE_PHY_PUSCH_CSF,Rank 2,9,7,0,0,PCC
2024-08-09 11:30:22.713078,LTE_PHY_PUSCH_CSF,Rank 1,9,0,2,0,SCC-2
2024-08-09 11:30:22.723082,LTE_PHY_PUSCH_CSF,Rank 2,9,7,0,0,PCC
2024-08-09 11:30:22.723082,LTE_PHY_PUSCH_CSF,Rank 1,9,0,2,0,SCC-2
2024-08-09 11:30:22.733072,LTE_PHY_PUSCH_CSF,Rank 2,8,7,0,0,PCC
2024-08-09 11:30:22.733072,LTE_PHY_PUSCH_CSF,Rank 1,9,0,2,0,SCC-2
2024-08-09 11:30:22.743074,LTE_PHY_PUSCH_CSF,Rank 2,9,8,0,0,PCC
2024-08-09 11:30:22.743074,LTE_PHY_PUSCH_CSF,Rank 1,9,0,2,0,SCC-2
2024-08-09 11:30:22.753092,LTE_PHY_PUSCH_CSF,Rank 2,9,8,0,0,PCC
2024-08-09 11:30:22.753092,LTE_PHY_PUSCH_CSF,Rank 1,10,0,2,0,SCC-2
2024-08-09 11:30:22.763078,LTE_PHY_PUSCH_CSF,Rank 2,9,8,0,0,PCC
2024-08-09 11:30:22.763078,LTE_PHY_PUSCH_CSF,Rank 1,10,0,2,0,SCC-2
2024-08-09 11:30:22.773078,LTE_PHY_PUSCH_CSF,Rank 2,9,8,0,0,PCC
2024-08-09 11:30:22.773078,LTE_PHY_PUSCH_CSF,Rank 1,11,0,2,0,SCC-2
2024-08-09 11:30:22.783075,LTE_PHY_PUSCH_CSF,Rank 2,9,8,0,0,PCC
2024-08-09 11:30:22.783075,LTE_PHY_PUSCH_CSF,Rank 1,9,0,2,0,SCC-2
2024-08-09 11:30:22.793078,LTE_PHY_PUSCH_CSF,Rank 2,9,8,0,0,PCC
2024-08-09 11:30:22.793078,LTE_PHY_PUSCH_CSF,Rank 1,9,0,2,0,SCC-2
2024-08-09 11:30:22.802937,LTE_PHY_PUSCH_CSF,Rank 2,9,8,0,0,PCC
2024-08-09 11:30:22.802937,LTE_PHY_PUSCH_CSF,Rank 1,10,0,2,0,SCC-2
2024-08-09 11:30:22.813078,LTE_PHY_PUSCH_CSF,Rank 2,9,7,0,0,PCC
2024-08-09 11:30:22.813078,LTE_PHY_PUSCH_CSF,Rank 1,10,0,2,0,SCC-2
2024-08-09 11:30:22.823078,LTE_PHY_PUSCH_CSF,Rank 2,9,7,0,0,PCC
2024-08-09 11:30:22.823078,LTE_PHY_PUSCH_CSF,Rank 1,10,0,2,0,SCC-2
2024-08-09 11:30:22.833077,LTE_PHY_PUSCH_CSF,Rank 2,9,8,0,0,PCC
2024-08-09 11:30:22.833077,LTE_PHY_PUSCH_CSF,Rank 1,11,0,2,0,SCC-2
2024-08-09 11:30:22.843082,LTE_PHY_PUSCH_CSF,Rank 2,9,8,0,0,PCC
2024-08-09 11:30:22.843082,LTE_PHY_PUSCH_CSF,Rank 1,12,0,2,0,SCC-2
2024-08-09 11:30:22.853078,LTE_PHY_PUSCH_CSF,Rank 2,9,7,0,0,PCC
2024-08-09 11:30:22.853078,LTE_PHY_PUSCH_CSF,Rank 1,12,0,2,0,SCC-2
2024-08-09 11:30:22.862997,LTE_PHY_PUSCH_CSF,Rank 2,9,7,0,0,PCC
2024-08-09 11:30:22.862997,LTE_PHY_PUSCH_CSF,Rank 1,11,0,2,0,SCC-2
2024-08-09 11:30:22.873105,LTE_PHY_PUSCH_CSF,Rank 2,9,7,0,0,PCC
2024-08-09 11:30:22.873105,LTE_PHY_PUSCH_CSF,Rank 1,10,0,2,0,SCC-2
2024-08-09 11:30:22.883104,LTE_PHY_PUSCH_CSF,Rank 2,8,6,0,0,PCC
2024-08-09 11:30:22.883104,LTE_PHY_PUSCH_CSF,Rank 1,9,0,2,0,SCC-2
2024-08-09 11:30:22.893084,LTE_PHY_PUSCH_CSF,Rank 2,10,8,0,0,PCC
2024-08-09 11:30:22.893084,LTE_PHY_PUSCH_CSF,Rank 1,13,0,2,0,SCC-2
2024-08-09 11:30:22.903082,LTE_PHY_PUSCH_CSF,Rank 2,10,8,0,0,PCC
2024-08-09 11:30:22.903082,LTE_PHY_PUSCH_CSF,Rank 1,11,0,2,0,SCC-2
